,tweets_VBD
54,'Estudam a possibilidade de mosquitos comuns transmitirem o Zika v√≠rus' gente fudeu
83,@mmaethe e o mosquito? √â o zika v√≠rus ? To preocupada maethezinea
131,"Conhe√ßa a MOSQUITOEIRA   Nessa √©poca de DENGUE, ZIKA essa 'engenhoca' pode ajudar a combater o mosquito  e SALVAR... https://t.co/MdH7CdLFXC"
231,daqui a pouco v√£o descobrir q todo mundo nasce com zika virus e na realidade o mosquito transmite a cura
159,ql a l√≥gica do nme ser zika v√≠rus dve q foi tipo o bb saiu bugado a√≠ os cara foi e falo nossa esse mosquito √© zika msm vai chama zika v√≠rus
191,"√â a doen√ßa do momento, conhe√ßa alguns cuidados a ter para se proteger do virus Zika. - https://t.co/5A30FVhAI8 #travel #saude"
57,"Sobre a Sa√∫de Vamos p√¥r o mosquito da Dengue, Zika e Chikungunya na Cadeia - Mj. Ol√≠mpio. #DebateDaBand"
113,ZIKA A ag√™ncia reguladora americana de medicamentos.  Zika: EUA aceita testes com mosquitos geneticamente modificados!!!!
122,Hope a Zika Mosquito pays him a visit! https://t.co/5v7EYpowKb
215,"Se a porra do zika v√≠rus se passa pelo beijo , axo meio dif√≠cil algu√©m beijar o mosquito"
222,√© a coopera√ß√£o do 'Estado' ao mosquito..Parceria Zica e/ou Zika! #vergonha pouca. https://t.co/kSZE0TuKm5
207,E a Zika t√° virada na Porra !!!! Bora cuidar.... se n√£o o mosquito pega...
217,"'Aqui a zika nao samba'  Ainda se vao fuder todos a pala da merda dum mosquito, eu √© que nao ia pa rua de certeza"
43,agora  a Zika virus pega belo beijo mais em que pessoa em si consiencia vai beija um mosquito?
230,"Com a suspeita da possibilidade de transmiss√£o do zika v√≠rus pela saliva e pelo s√™men, que tal mudar o nome do mosquito para AIDS Aegypti?!"
120,rose usa o mundo inteiro no tornozelo pra proteger e ainda consegue vira o pe √™ zika
175,Como a gestante deve se proteger do Zika V√≠rus? - https://t.co/J4qSHvVS5F Via @_hypenews #Sa√∫de
30,"Se a Dilma ficar at√© 2016,  o mosquito da zika vai chegar em todo Brasil. Praga da Dilma Ramses https://t.co/OQPelDUXa6"
74,se a alemanha ganhar √© so soltar os mosquito zika no vestiario deles
59,fazendo a cruz com a unha nesta picada de mosquito para repreender a zika em nome de jesus
60,"@RicaPerrone festa encerramento linda! Foi tudo bom demais!Nem a Zica do mosquito, nem a Zica da @folha atrapalharam a Rio 2016"
37,"Sabe a zika gente, ent√£o, n√£o deixem o mosquito picar voc√™s"
3,"prevenir a Zika e a Dengue  ‚Ä¢ Evite deixar √°gua parada em locais prop√≠cios para a multiplica√ß√£o dos mosquitos como: latas,, pneus, vasos"
118,Com a fome de 3.400.258 mosquitos zika
41,Ajude a rastrear focos do mosquito Aedes aegypt usando o celular.  https://t.co/ZgO1BfOjxI  #ZikaVirus #zika #zikazero #AedesAegypti
88,"E a incid√™ncia brutal desses casos est√° se dando por conta do mosquito da dengue, que √© o da zika, que √© o da Chicugunya. O mesmo mosquito."
15,Esqueci a janela aberta agora meu quarto t√° cheio de mosquito se eu n pego zica hj n√£o pego nunca mais
161,"Se a solu√ß√£o para a Zika √© vacinar,tamb√©m √© bom come√ßar a estudar a coloca√ß√£o de redomas futuristas sobre as cidades para evitar o mosquito."
203,do mosquitos in NY have Zika?
237,Quando a presidenta d√° uma de bi√≥loga e fala sobre o mosquito transmissor da zica a coisa est√° feia o.0
139,"do jeito que esse mosquito ta me atacando, vo pegar aql zika virus"
75,"Esperando a Ariel e aproveitando pra pegar uma Zika, ta cheio de mosquito aqui na cal√ßada kkkkkkkkkkkk"
185,"Devido a esse virus do mosquito, essa zikaüòÇ"
233,"Com a quantidade de mosquitos que tem aqui em casa vou ficar com dengue,zica v√≠rus,osteoporose,ebola,aids,t√©tano,hemorroida,poliomielite."
205,"Com a diminui√ß√£o, quase fim, do jornal impresso √© √≥bvio que aumenta a quantidade de mosquitos. Era a melhor arma... #AedesIsBack #ZikaVirus"
174,Como a gestante deve se proteger do Zika V√≠rus? https://t.co/whMZPlcB1U
198,'Combate ao mosquito zika.' Kkk t√° certo üòÇ
68,"Convidamos a comunidade para participar do 'Arrast√£o de Combate ao mosquito da Dengue, Chikungunya e Zika V√≠rus,... https://t.co/45XjP9KwH7"
238,√â a coisa mais certa a se fazer.O Minist√©rio da sa√∫de est√° voando mais q o mosquito aedes.Pouco sabem s√¥bre o Zika. https://t.co/oI1siOQNGB
127,"Evite a dengue, zika e chikungunya! N√£o deixe o mosquito nascer. Saiba como: https://t.co/SQJ5gfOMWF https://t.co/OE1FxfhnaY"
188,"abri a janela e entrou uma REVOADA de mosquito, zica dengue chikungunya 3 por 10 na minha m√£o √© mais barato tia."
96,"'Combate ao v√≠rus do mosquito Zika' e 'Ningu√©m √© mais honesto do que eu',frases que enchem de orgulho os intelectuais e bolivarianos..."
156,Cai a verba federal de combate ao mosquito da dengue e zika https://t.co/I3TtsgA3u1 https://t.co/LkFllgccte
206,"Sobre a microcefalia causada por Zika Virus, parece que os governos t√™m uma leve tend√™ncia de preferir matar beb√™s a matar os mosquitos."
138,"com a quantidade de picada de mosquito que eu to pelo corpo, √© bem prov√°vel que eu tenha dengue, zica ou chicu"
153,"Conscientize estudantes para combater o mosquito transmissor da dengue, zika e chikungunya! https://t.co/usY78Ub9tZ https://t.co/vHx4e1t0h0"
242,"Vamos a ver carajo..  Este pa√≠s INFESTADO DE DENGUE, ZIKA Y TODAS LAS M DEL MOSQUITO Y EL SEGURO NO CUBRE PRUEBAS DE Esto???! Q PAIS DE Müò†üò†"
150,Cai a verba federal de combate ao mosquito da dengue e zika. https://t.co/7aylqD0Vr0
189,gra√ßas a deus a dilma aprendeu q zika √© o v√≠rus e n√£o o mosquito
117,Cai a verba federal de combate ao mosquito da dengue e zika https://t.co/I3TtsgisCt https://t.co/to8ZdopEjS
157,Ent√£o a Dilma criou o mosquito Zika? Pqp em...
204,"Explicado a preocupa√ß√£o da Hope Solo com a zika no Brasil. Com aquela mata Atl√¢ntica no 'suvaco das coxas',os mosquitos v√£o procurar a selva"
141,abro a janela p ventar entra chuva mosquito zika lula dilma testemunha de jeova tris teza al quaeda paz amor drogas mas vento que √© bom nada
169,üëâ A webs√©rie 'Que Zika!' mostra cuidados de gestantes para se proteger do Aedes. Confira: https://t.co/AqIB6lLDwx #ZikaZero #CombateAedes
223,ai a vacina do zika sai e o mosquito ja canso de passa zika pros serumano ai vem outro ser enviado pelo demonio pra deixa td mundo louco
209,"Cabe a toda a comunidade se mobilizar para impedir o avan√ßo do mosquito transmissor de dengue, zika e... https://t.co/tsTuMlKRyL"
28,Com a epidemia da Zika o pessoal vai manter a foto para afugentar os mosquitos... https://t.co/oqFpp4e9we
90,"Se a gente for picado pelo mosquito da dengue, pegar zika v√≠rus, a gente vira mano?"
10,'Fecha a janela que um mosquito Zika pode ti morde.'
136,@carlosaaferreir √©s lindo ferreira Pareces o mosquito do zika num dia bom
1,"Caiu a verba para combate ao mosquito Aedes Aegypti,Zika V√≠rus e Chikungunya, mais tem para ver liga de futebol... https://t.co/cPGVZVSxqP"
240,"Chegou a hora de combater o mosquito da dengue, zica e cjikungunya. Fa√ßa sua parte!... https://t.co/f5AQzGyjir"
184,"Tive a sequencia dengue, zica e depois chicungunha, um tiro nesses mosquitos do capeta"
146,Vaiar a Hope Solo por se proteger do zika v√≠rus √© similar a vaiar algu√©m que passa protetor solar.
228,entao a dengue olhou para ele disse levante a cabe√ßa e acredite no seu potencial..  esse mosquito era nada mais nada menos que o zika virus
19,Ajude a proteger o Maranh√£o do mosquito da dengue e da zika. Veja o v√≠deo. https://t.co/rjUIRE8V5b
16,Com a sorte que eu tenho pego zika v√≠rus e t√©tano no mesmo mosquito
151,Cai a verba  federal de combate ao mosquito da dengue e zika https://t.co/7aylqD0Vr0
112,"Evite a dengue, zika e chikungunya! N√£o deixe o mosquito nascer. Saiba como: https://t.co/t4E4Oml1pY https://t.co/qgy5D2q0rb"
155,"Com a importante colabora√ß√£o da popula√ß√£o, vamos intensificar as a√ß√µes na luta contra o mosquito transmissor da dengue, chikungunya e o zica"
97,Se a presidenta j√° mudou o nome do mosquito pra mosquito Zica e disse que o ovo transmite a doen√ßa! Estamos fudidos e mal pagos kkkkkkkk
183,"Com a confirma√ß√£o que o Aedes Aegypti transmite dengue, chikungunya e agora zika, cientistas estudam usar o mosquito para transmitir wifi"
38,"Livre a sua casa do mosquito transmissor da Dengue, Chikungunya e Zika V√≠rus! https://t.co/fDnOqHVMPB https://t.co/JfQF5QLDKJ"
241,perdendo  a guerra e torrado milh√µes de reais no combate ao mosquito. https://t.co/MFkZhmT865 via @CartaCampinas
46,T√£o a profetizar Zika assimüò©. N√≥s sempre convivemos com mosquitos üòÇ
130,"Ligo a televis√£o e o notici√°rio √© o tal do Mosquito Zika V√≠rus ou assuntos sobre as causas da Dengue, pqp RBS"
164,"segundo a filosofa ti Dri se um mosquito picar ela, certamente ele ja deve ta com zika, pq a vida dela ta t√£o zikada q quem pega zika √© ele"
194,"@wictorshow nesse caso do zica ai.. tao culpando o mosquito sendo que o culpado ? o governo! Deram vacina vencida sei la, q deu errado..."
26,afffff a mia cancelou a viagem no brasil por causa da zika mosquito desgra√ßado
196,√â a favor de projetos que s√£o contra o mosquito transmissor do Zika v√≠rus? Ent√£o ajude o Col√©gio Adventista de... https://t.co/ZGBtCxhOQZ
168,e a quantidade de mosquito √© impressionante ainda bem que meus anti corpos sao muito bons senao eu ja tava com zika dengue e as porra tudo
167,"Esqueci a janela do quarto aberta, fui picada por uns 492843 mosquitos. Tenho certeza que j√° to com dengue, zika e chikungunya"
22,"ZIKA A culpa √© de todo mundo,d√©cadas sabemos o que tem que ser feito para combater o mosquito e n√£o fazemos. https://t.co/8lgP7nBTqO"
72,"abri a janela do quarto e nem um ventinho entra, mais f√°cil entrar o mosquito da dengue/zika"
35,"Esqueci a janela aberta e o teto t√° forrado de mosquito,s√≥ falta um Zika v√≠rus  msm pra completar a minha desgra√ßa"
49,√â a primeira vez que os mosquitos portadores da zika est√£o presentes na zona continental dos EUA. https://t.co/DsNLY6d2Mb
63,mosquito me pica j√° fico DENGUE ZIKA VO MORRE
148,Cai a verba federal de combate ao mosquito da dengue e zika https://t.co/QLQTdkm3K3
65,E a muri√ßoca? Cientistas estudam se outros mosquitos tamb√©m podem transmitir a zika - https://t.co/lXVEQBg9P8 https://t.co/L3LXPLTXpP
98,"Evite a dengue, zika e chikungunya! N√£o deixe o mosquito nascer. Saiba como: https://t.co/4LePHCjTtC"
56,Gastei a onda no snap eu mano mosquito da zica
95,"Conhe√ßa a rede Zika, for√ßa-tarefa de 42 laborat√≥rios contra o mosquito Aedes Aegypti - https://t.co/uWepM5Nttw https://t.co/YzTjrc5G0n"
99,"Qual√© a do dia de hoje? Al√©m de tudo, matei 2 mosquitos da dengue no meu banheiro. Sai fora, zika"
172,"Com a Wanheda no Brasil fico at√© tranquila pq ela vai exterminar Dengue, Zika e Chikungunya O que √© um mosquito pra quem matou geral n√© non?"
170,"Se a minha zica viesse do mosquito, eu tava feito. PQP."
40,Chamar a pessoa de zika era elogio.... Agora com esse mosquito virou doen√ßa... Kkkkkkkkkk
82,ligo a tv  t√£o falando de zika v√≠rus  troco de canal  t√£o falando de  mosquito da dengue  coloco no jornal t√£o falando de  chikungunya
4,Com a Conviv√™ncia t√£o pr√≥xima com o ebola estou reparando que o Zika e e o tal s√£o muito parecidos em forma de transmiss√£o fora do mosquito
199,"Se a mosquita √© a mulher do mosquito, o Zico √© o marido da Zika."
144,"Evite a dengue, zika e chikungunya! N√£o deixe o mosquito nascer. Saiba como: https://t.co/FdJxaNn70p"
