,tweets_VBZ
114,"Evite a dengue, zika e chikungunya! N√£o deixe o mosquito nascer. Saiba como: https://t.co/t4E4Oml1pY https://t.co/qgy5D2q0rb"
198,"Com a atual epidemia causada pelo mosquito Aedes aegypti, transmissor da dengue, zika e febre chicungunya,... https://t.co/dtZRWUzzeQ"
28,"Evite a dengue, zika e chikungunya! N√£o deixe o mosquito nascer. Saiba como: https://t.co/4LePHCjTtC https://t.co/AOoJb5M5tl"
132,"Conhe√ßa a MOSQUITOEIRA   Nessa √©poca de DENGUE, ZIKA essa 'engenhoca' pode ajudar a combater o mosquito  e SALVAR... https://t.co/MdH7CdLFXC"
180,"Legal a iniciativa da unirio de conscientiza√ß√£o sobre dengue/zika, mas n√£o aguento mais os mosquitos voando toda vez que entro no site."
67,"E a Fund. Osvaldo Cruz de PE achou o v√≠rus zika dentro do mosquito comum. L√° vem o apocalipse zumbi. Brasil, um pa√≠s de microc√©falos."
219,-coloco a prote√ßao de mosquito- cuidado que √© zika
58,"Sobre a Sa√∫de Vamos p√¥r o mosquito da Dengue, Zika e Chikungunya na Cadeia - Mj. Ol√≠mpio. #DebateDaBand"
86,@kharalhow e depois que saiu que o mosquito normal tbm passa zica eu fiquei foi doida
24,Vivendo a √©poca dos Mosquitos: chikungunya e dengue e zica. E do PT :Governo C√¢mara e Senado. Ver sintomas.
76,"Esperando a Ariel e aproveitando pra pegar uma Zika, ta cheio de mosquito aqui na cal√ßada kkkkkkkkkkkk"
176,Como a gestante deve se proteger do Zika V√≠rus? - https://t.co/J4qSHvVS5F Via @_hypenews #Sa√∫de
140,"do jeito que esse mosquito ta me atacando, vo pegar aql zika virus"
107,*tava a tirar uma foto* *aparecem mosquitos* 'Ai o zika' *ele come√ßa a correr*  AHAHAHAHAHAHA FODA-SE
60,fazendo a cruz com a unha nesta picada de mosquito para repreender a zika em nome de jesus
110,"pq a doen√ßa do mosquito chama zika cara, acho tao ble"
116,deus me libre num posso ve um mosquito ja penso q eh o zika
158,Ent√£o a Dilma criou o mosquito Zika? Pqp em...
175,Como a gestante deve se proteger do Zika V√≠rus? https://t.co/whMZPlcB1U
174,"Com a prolifera√ß√£o dos mosquitos, depois da dengue, da chikungunya e da zika, s√≥ falta agora um surto de febre amarela. J√° h√° caso suspeito."
122,"Cabo a Zika aeeeeeee (n√£o, n√£o To falando do mosquito, e sim do dia do #bra de hoje hahahahha)"
186,"Devido a esse virus do mosquito, essa zikaüòÇ"
15,Velho a porra de um mosquito me picou Sera o zika
125,"Estou a louca do mosquito,tudo acho que √© Zika."
146,do jeito q esses gringos agem parece que qnd eles pisarem no brasil vao ser atacado por 500 mosquitos vao pegar zika dengue e chikungunya
79,"fiz a prova de biologia hj, so tinha zika, serio pensei q a prova ia virar mosquito e voar"
34,claramente a mina ta espantando o mosquito do zika virus da fu√ßa da outra https://t.co/ryf5fqZpCa
245,Pq a Dilma chamou l√≠deres crist√£os p discutir estrat√©gias d combate ao aedes aegypti? Eles v√£o exorcizar o esp√≠rito Zika Virus nos mosquito?
148,Cai a verba federal de combate ao mosquito da dengue e zika https://t.co/HMuY3vstVe via @UOLNoticias @UOL
59,"Come√ßa a aplica√ß√£o de um novo inseticida para combater o mosquito que transmite a dengue, a febre chikungunya e o zika v√≠rus. Veja no #MGTV!"
49,Revogaram a autoriza√ß√£o do mosquito. Agora ele est√° proibido de transmitir Zika e Dengue. @ThaisaRadin @SirMuenster https://t.co/ux1bE9MvgA
147,Vaiar a Hope Solo por se proteger do zika v√≠rus √© similar a vaiar algu√©m que passa protetor solar.
64,mosquito me pica j√° fico DENGUE ZIKA VO MORRE
105,"Tirei a conclus√£o de que Deus me protege muito, pq todo dia √© uma picada nova de mosquito e n√£o peguei zika üôè"
161,"'S√≥ a Jessyka n√£o pegou zika. A bicha √© t√£o ruim que eu acho que foi ela que passou zika pra o primeiro mosquito.' V√ì, Minha."
25,Aceite a dengue eo mosquito mais foda e √© o mais zika tbm üôá - Ashuashuaa   https://t.co/Y1qWUlMLB4
157,Cai a verba federal de combate ao mosquito da dengue e zika https://t.co/I3TtsgA3u1 https://t.co/LkFllgccte
205,"Explicado a preocupa√ß√£o da Hope Solo com a zika no Brasil. Com aquela mata Atl√¢ntica no 'suvaco das coxas',os mosquitos v√£o procurar a selva"
45,"Se a Dilma for pica pelo mosquito da dengue, zica virus, e chiconguinia acaba os mosquito, porque ele tem sangue ruim e veneno no corpo"
239,Quando a presidenta d√° uma de bi√≥loga e fala sobre o mosquito transmissor da zica a coisa est√° feia o.0
44,agora  a Zika virus pega belo beijo mais em que pessoa em si consiencia vai beija um mosquito?
226,"Vi a pesquisa que passou na tv falando que roupa preta atrai o mosquito da dengue e do zika, menino vai ser o fim dos g√≥ticos"
8,come√ßo a pensar seriamente que o bruno foi picado pelo mosquito zica
190,gra√ßas a deus a dilma aprendeu q zika √© o v√≠rus e n√£o o mosquito
127,Passei a tarde numa rede no meio do mato cheio de mosquito querendo me passar zika dengue chico cunha mas n√£o conseguiram pois sou vencedor
160,ql a l√≥gica do nme ser zika v√≠rus dve q foi tipo o bb saiu bugado a√≠ os cara foi e falo nossa esse mosquito √© zika msm vai chama zika v√≠rus
162,"Se a solu√ß√£o para a Zika √© vacinar,tamb√©m √© bom come√ßar a estudar a coloca√ß√£o de redomas futuristas sobre as cidades para evitar o mosquito."
185,"Tive a sequencia dengue, zica e depois chicungunha, um tiro nesses mosquitos do capeta"
137,@carlosaaferreir √©s lindo ferreira Pareces o mosquito do zika num dia bom
74,"sobre a casinha de boneca da minha sobrinha: 'Tia, aqui vou colocar uma placa escrito proibido entrada de mosquitos, e uma foto do zika''"
5,Com a Conviv√™ncia t√£o pr√≥xima com o ebola estou reparando que o Zika e e o tal s√£o muito parecidos em forma de transmiss√£o fora do mosquito
69,"Convidamos a comunidade para participar do 'Arrast√£o de Combate ao mosquito da Dengue, Chikungunya e Zika V√≠rus,... https://t.co/45XjP9KwH7"
234,"ZIKA  A situa√ß√£o cada vez fica mais preocupante!  Al√©m da transmiss√£o do v√≠rus da Zika pelo mosquito,... https://t.co/LX9OXRCn9h"
227,"√â a imprensa q faz torcer a favor do zika v√≠rus! √öltimo dia q vi o JN estavam procurando mosquito da dengue,zika,no pal√°cio do planalto?"
215,"Vamos a faxina das nossas casas e brasileiros, e como evitar a prolifera√ß√£o do mosquito da dengue e zika  #CuidarNossaCasa #ZikaZero"
48,"Qnd a Anitta mandou fazer o vestido dela de ontem, ela estava pensando em se proteger do Zica"
167,"Gra√ßas a Deus melhorei dessa dengue, agr √© s√≥ ficar atividade nesses mosquitos zika du krl kk"
210,"Cabe a toda a comunidade se mobilizar para impedir o avan√ßo do mosquito transmissor de dengue, zika e... https://t.co/tsTuMlKRyL"
196,E a louca falando q zica ? enviado por satan?s kkkkkkkkk vira mosquito e possui seu corpo ???
92,Dudes a Madeira e a Ge√≥rgia s√£o os √∫nicos lugares na Europa que tem aquele mosquito do Zica e do Dengue
109,@douglasjferreir @tweettorcidas esse bicho zica mais do q o mosquito zica
232,"Antes a zika s√≥ pegava pelo mosquito, agr √© saliva, sexo, e urina üòí"
88,"Do tanto de mosquito q me picou hj vai ser um milagre nos dias de hj se eu n tiver pego uma zika, dengue ou algo do tipo"
123,Hope a Zika Mosquito pays him a visit! https://t.co/5v7EYpowKb
187,Do onde veio o #zika v√≠rus? Mosquitos geneticamente modificados sob suspeita:  https://t.co/9nnMC86qTa - via greenMe
173,"Com a Wanheda no Brasil fico at√© tranquila pq ela vai exterminar Dengue, Zika e Chikungunya O que √© um mosquito pra quem matou geral n√© non?"
68,E a muri√ßoca? Cientistas estudam se outros mosquitos tamb√©m podem transmitir a zika https://t.co/y52yxgV1LG via @tvconexao33
183,"Conhe√ßa a Dengue, Chikungunya e Zika: O QUE √â A DENGUE?A dengue √© uma doen√ßa viral transmitida pelo mosquito A... https://t.co/B5VCleEycw"
118,Como a tecnologia pode ajudar a combater o mosquito do zika v√≠rus - Isso √© Exatas https://t.co/7xsfce74K5
101,"Qual√© a do dia de hoje? Al√©m de tudo, matei 2 mosquitos da dengue no meu banheiro. Sai fora, zika"
36,"Esqueci a janela aberta e o teto t√° forrado de mosquito,s√≥ falta um Zika v√≠rus  msm pra completar a minha desgra√ßa"
171,"Se a minha zica viesse do mosquito, eu tava feito. PQP."
46,"Evite a prolifera√ß√£o do mosquito causador da Dengue, Zika e Chikungunya. √Ågua parada aqui n√£o! https://t.co/afimdx9DiV"
231,"Com a suspeita da possibilidade de transmiss√£o do zika v√≠rus pela saliva e pelo s√™men, que tal mudar o nome do mosquito para AIDS Aegypti?!"
51,demora me responder que eu jogo mosquito zika virus no seu quarto
90,do jeito q eu to vendo daqui a pouco o mosquito da zika vai se reproduzir no ar
57,Gastei a onda no snap eu mano mosquito da zica
211,"Come√ßar a criar sapo, eles matam zika e mosquito da dengue."
230,Sou a favor do governo distribuir bolhas anti contato com o ar que o mosquito do Zika respira pq at√© isso deve ser contagioso
216,"Se a porra do zika v√≠rus se passa pelo beijo , axo meio dif√≠cil algu√©m beijar o mosquito"
177,Com a skin do mosquit√£o zika eu n√£o saio dos mil de score...bem triste mesmo uduhasdhsau https://t.co/KHkqg3tZcx
206,"Com a diminui√ß√£o, quase fim, do jornal impresso √© √≥bvio que aumenta a quantidade de mosquitos. Era a melhor arma... #AedesIsBack #ZikaVirus"
142,abro a janela p ventar entra chuva mosquito zika lula dilma testemunha de jeova tris teza al quaeda paz amor drogas mas vento que √© bom nada
63,Chegou a cole√ß√£o completa de Citronela da Perfubrasil ! Repelente Natural do mosquito que pode transmitir zika... https://t.co/ogsWVA58uS
23,"ZIKA A culpa √© de todo mundo,d√©cadas sabemos o que tem que ser feito para combater o mosquito e n√£o fazemos. https://t.co/8lgP7nBTqO"
77,"√â a zika pegou a Hope Solo mas n√£o a do mosquito, que a do frango, tadinha da mina kkk dalhe Col√¥mbia #tipoColombia #COL #COLxEUA #FutFem"
75,se a alemanha ganhar √© so soltar os mosquito zika no vestiario deles
197,√â a favor de projetos que s√£o contra o mosquito transmissor do Zika v√≠rus? Ent√£o ajude o Col√©gio Adventista de... https://t.co/ZGBtCxhOQZ
84,@mmaethe e o mosquito? √â o zika v√≠rus ? To preocupada maethezinea
182,antigamente a √∫nica zika que eu tinha medo era a que as inimigas podiam jogar em mim agora eu tenho da do mosquito
170,üëâ A webs√©rie 'Que Zika!' mostra cuidados de gestantes para se proteger do Aedes. Confira: https://t.co/AqIB6lLDwx #ZikaZero #CombateAedes
16,Esqueci a janela aberta agora meu quarto t√° cheio de mosquito se eu n pego zica hj n√£o pego nunca mais
124,Cover up? Zika Mosquitoes Same as GM Mosquitoes ... - https://t.co/aKeGblTT0m - #ArmageddonScenarios https://t.co/73ZzHfeY2Q
30,"desculpem a revolta, mas √© o c√∫mulo do ridiculo falar zap ou zapzap, nossa que coisa mais fui picado pelo mosquito zika"
131,"Ligo a televis√£o e o notici√°rio √© o tal do Mosquito Zika V√≠rus ou assuntos sobre as causas da Dengue, pqp RBS"
14,se a marina cancela por causa de zika eu viro mosquito e vo la na casa dessa desgra√ßada
83,ligo a tv  t√£o falando de zika v√≠rus  troco de canal  t√£o falando de  mosquito da dengue  coloco no jornal t√£o falando de  chikungunya
179,Quando a picada de mosquito √© algo mais | gr√°fico do @HuffingtonPost por @alissascheller https://t.co/GjP11WYY5k #zika #dengue #malaria
108,"Evite a dengue, zika e chikungunya! N√£o deixe o mosquito nascer. Saiba como: https://t.co/4LePHCjTtC"
94,Cai a verba federal de combate ao mosquito da dengue e zika https://t.co/I3TtsgisCt https://t.co/8OAWrQXPxo
