,tweets_VBN
185,"Se a solu√ß√£o para a Zika √© vacinar,tamb√©m √© bom come√ßar a estudar a coloca√ß√£o de redomas futuristas sobre as cidades para evitar o mosquito."
238,E a Zika t√° virada na Porra !!!! Bora cuidar.... se n√£o o mosquito pega...
257,ai a vacina do zika sai e o mosquito ja canso de passa zika pros serumano ai vem outro ser enviado pelo demonio pra deixa td mundo louco
196,"E a Zika, hein? 220 mil homens do ex√©rcito contra o mosquito Aedes Egypti. Os canh√µes n√£o matam o bicho. Mas o governo faz marketing. Arghh!"
146,Passei a tarde numa rede no meio do mato cheio de mosquito querendo me passar zika dengue chico cunha mas n√£o conseguiram pois sou vencedor
180,Cai a verba federal de combate ao mosquito da dengue e zika https://t.co/I3TtsgA3u1 https://t.co/LkFllgccte
242,Retweeted Jos√© Sim√£o (@jose_simao):  Zika! Triplex do mosquito! https://t.co/4aFEdY4yB4 https://t.co/t8uJXoQr2i
140,"Cabo a Zika aeeeeeee (n√£o, n√£o To falando do mosquito, e sim do dia do #bra de hoje hahahahha)"
119,"Parab√©ns a Escola Luis Eduardo Magalh√£es que junto com o NRS N iniciam a√ß√£o de combate ao mosquito da Dengue, Zika e Chicungunha."
115,"'Combate ao v√≠rus do mosquito Zika' e 'Ningu√©m √© mais honesto do que eu',frases que enchem de orgulho os intelectuais e bolivarianos..."
165,"e a 'zika' n√£o √© contagiosa, mas √© transmiss√≠vel pelo mosquito aedes aegypti.  temos o trabalhador do ano, pessoal."
99,@kharalhow e depois que saiu que o mosquito normal tbm passa zica eu fiquei foi doida
29,Aceite a dengue eo mosquito mais foda e √© o mais zika tbm üôá - Ashuashuaa   https://t.co/Y1qWUlMLB4
73,Chegou a cole√ß√£o completa de Citronela da Perfubrasil ! Repelente Natural do mosquito que pode transmitir zika... https://t.co/ogsWVA58uS
245,@gshow Pode haver rela√ß√£o entre o mosquito geneticamente modificado solto recentemente e a explos√£o dos casos de Zika?
6,"Convido a popula√ß√£o e entidades pra unirmos for√ßas em a√ß√µes de combate ao mosquito Aedes Aegypti transmissor da Dengue, Zika e febre Chik..."
38,gente me ajuda aqui um mosquito me picou e eu acho q eh o zica o q eu fa√ßo ???? https://t.co/y81ve0uL75
222,√â a favor de projetos que s√£o contra o mosquito transmissor do Zika v√≠rus? Ent√£o ajude o Col√©gio Adventista de... https://t.co/ZGBtCxhOQZ
264,"Com a suspeita da possibilidade de transmiss√£o do zika v√≠rus pela saliva e pelo s√™men, que tal mudar o nome do mosquito para AIDS Aegypti?!"
175,Cai a verba  federal de combate ao mosquito da dengue e zika https://t.co/7aylqD0Vr0
216,E A LIVIA √â BAILE DE FAVELA! SCRR EU FUI PICADA PELO MOSQUITO ZICA pq essa msk n sai da cabe√ßa mais
209,"Tive a sequencia dengue, zica e depois chicungunha, um tiro nesses mosquitos do capeta"
279,Pq a Dilma chamou l√≠deres crist√£os p discutir estrat√©gias d combate ao aedes aegypti? Eles v√£o exorcizar o esp√≠rito Zika Virus nos mosquito?
102,"E a incid√™ncia brutal desses casos est√° se dando por conta do mosquito da dengue, que √© o da zika, que √© o da Chicugunya. O mesmo mosquito."
248,"Se a porra do zika v√≠rus se passa pelo beijo , axo meio dif√≠cil algu√©m beijar o mosquito"
100,"Cheguei a uma fase na vida em que tenho mais medo de mosquito que de gente. Me chama pra passear na cracolandia, mas n√£o me chama pra zika.üòî"
61,E a manchete do 'Piau√≠ Herald': 'Mosquito pica Keith Richards e √© internado com zika'. https://t.co/EizKJzFOCQ
86,"sobre a casinha de boneca da minha sobrinha: 'Tia, aqui vou colocar uma placa escrito proibido entrada de mosquitos, e uma foto do zika''"
155,Come√ßo a crer que funkeiros s√£o os progenitores dos mosquitos que transmitem o zika v√≠rus
90,"√â a zika pegou a Hope Solo mas n√£o a do mosquito, que a do frango, tadinha da mina kkk dalhe Col√¥mbia #tipoColombia #COL #COLxEUA #FutFem"
262,entao a dengue olhou para ele disse levante a cabe√ßa e acredite no seu potencial..  esse mosquito era nada mais nada menos que o zika virus
167,do jeito q esses gringos agem parece que qnd eles pisarem no brasil vao ser atacado por 500 mosquitos vao pegar zika dengue e chikungunya
204,"Legal a iniciativa da unirio de conscientiza√ß√£o sobre dengue/zika, mas n√£o aguento mais os mosquitos voando toda vez que entro no site."
170,Retweeted Olhar Digital (@olhardigital):  Empresa usa mosquito geneticamente modificado para combater Zika v√≠rus:... https://t.co/LloPBcVZ1o
265,daqui a pouco v√£o descobrir q todo mundo nasce com zika virus e na realidade o mosquito transmite a cura
159,Cai a verba federal de combate ao mosquito da dengue e zika https://t.co/I3TtsgisCt https://t.co/vADU3BQk2Q
45,"Com a inten√ß√£o de mostrar que o mosquito que transmite a dengue, zica e chicungunha pode s‚Ä¶ https://t.co/jy0OcVkpyN https://t.co/2ooWVCUV5z"
198,"Com a prolifera√ß√£o dos mosquitos, depois da dengue, da chikungunya e da zika, s√≥ falta agora um surto de febre amarela. J√° h√° caso suspeito."
144,"Estou a louca do mosquito,tudo acho que √© Zika."
78,E a muri√ßoca? Cientistas estudam se outros mosquitos tamb√©m podem transmitir a zika https://t.co/y52yxgV1LG via @tvconexao33
138,Com a fome de 3.400.258 mosquitos zika
139,"se a zika for transmitida pelo mosquito comum, acho que finalmente o brasil vai ser exterminado"
53,"Evite a prolifera√ß√£o do mosquito causador da Dengue, Zika e Chikungunya. √Ågua parada aqui n√£o! https://t.co/afimdx9DiV"
65,"Siga a @InsetChaves e conheca nossa empresa, estrategias e participe ativamente conosco do combate ao mosquito da zika.#VemConosco"
153,Retweeted F√°bio O. Ribeiro (@FabioORibeiro):  A zika foi soltar mosquitos geneticamente modificados no Brasil?... https://t.co/ijFvMNDNTn
7,toda a vez que entro nos sites do M.Sa√∫de tem esses mosquitos voando devido a campanha conta Zika e afins
39,claramente a mina ta espantando o mosquito do zika virus da fu√ßa da outra https://t.co/ryf5fqZpCa
50,fico me perguntando se o guri que eu conheci que o apelido √© zika t√° sendo muito zoado de mosquito agora
47,Retweeted Governo de S. Paulo (@governosp):  #Aedesaegypti Combate ao mosquito da #dengue e Zika V√≠rus come√ßa em... https://t.co/Y3FhqXO7nn
32,afffff a mia cancelou a viagem no brasil por causa da zika mosquito desgra√ßado
104,do jeito q eu to vendo daqui a pouco o mosquito da zika vai se reproduzir no ar
67,"Sobre a Sa√∫de Vamos p√¥r o mosquito da Dengue, Zika e Chikungunya na Cadeia - Mj. Ol√≠mpio. #DebateDaBand"
11,'Fecha a janela que um mosquito Zika pode ti morde.'
253,'pq a sociedade protetora dos animais n√£o lutam em prol do mosquito zika?' https://t.co/Bgfl56G7DP
210,"Devido a esse virus do mosquito, essa zikaüòÇ"
277,perdendo  a guerra e torrado milh√µes de reais no combate ao mosquito. https://t.co/MFkZhmT865 via @CartaCampinas
79,Retweeted everton (@nootreve):  Vi uma not√≠cia que o zika v√≠rus √© transmitido pelo beijo. Mas que √© o louco que vai beijar um mosquito?
219,dai a gente concluiu que a solu√ß√£o era pegar um mosquito zika e jogar neles que eles iam morrer...
215,"Retweeted Blog do Planalto (@blogplanalto):  Dilma: A guerra contra o mosquito transmissor do zika √© complexa, pq... https://t.co/5RCGQOyF82"
171,Cai a verba federal de combate ao mosquito da dengue e zika https://t.co/HMuY3vstVe via @UOLNoticias @UOL
271,"Ajude a evitar a prolifera√ß√£o do mosquito que provoca o Zika v√≠rus e a Dengue | Obras, Reformas,... https://t.co/AHt0AURxzQ"
110,Cai a verba federal de combate ao mosquito da dengue e zika https://t.co/I3TtsgisCt https://t.co/8OAWrQXPxo
272,Quando a presidenta d√° uma de bi√≥loga e fala sobre o mosquito transmissor da zica a coisa est√° feia o.0
71,üòÆ How mosquitos drink blood. #MosquitoDay #mosquito #Zika #Malaria #insect #nature #wow   https://t.co/A4eph2kRV9
231,Quando a gente quer manter o estilo e se proteger da zika https://t.co/YucSzpFjy1
200,Como a gestante deve se proteger do Zika V√≠rus? - https://t.co/J4qSHvVS5F Via @_hypenews #Sa√∫de
137,Cai a verba federal de combate ao mosquito da dengue e zika https://t.co/I3TtsgisCt https://t.co/to8ZdopEjS
128,"Cad√™ a Citronela? Leia na https://t.co/kGtI6uBxAo: Mosquito da dengue e zika √© 'inimigo n¬∫ 1 da sa√∫de',diz ministro. https://t.co/fos9pO8pdP"
83,do jeito que est√° tendo tanto mosquito aqui em casa eu acho que vou ter zika pela segunda vez.
24,"Retweeted Joaquim Barbosa (@JBarbosa2014):  Perfeito! A 'zika' n√£o √© o mosquito! A 'zika' do Brasil, √© o PT!... https://t.co/sxE0m1I2zn"
43,"Sabe a zika gente, ent√£o, n√£o deixem o mosquito picar voc√™s"
31,Cad√™ a Izabella  Teixeira Ministra do Meio Ambiente  est√° atr√°s do mosquito Zica  e esqueceu de ver isso? Isso n√£o pode acontecer.
160,"com a quantidade de picada de mosquito que eu to pelo corpo, √© bem prov√°vel que eu tenha dengue, zica ou chicu"
141,Hope a Zika Mosquito pays him a visit! https://t.co/5v7EYpowKb
249,"Se a pessoa leva picadura do mosquito do zika e ela n√£o t√° gr√°vida, o que acontece??"
189,"Cheguei a conclus√£o de que todos os mosquitos s√£o zika, porque eles t√£o me zoando de uma maneira üëå"
81,Vei a Renata mandou eu fazer um trabalho do Bag da zika e at√© agr n vejo nenhum musquito man√©
44,"Livre a sua casa do mosquito transmissor da Dengue, Chikungunya e Zika V√≠rus! https://t.co/fDnOqHVMPB https://t.co/JfQF5QLDKJ"
267,"ZIKA  A situa√ß√£o cada vez fica mais preocupante!  Al√©m da transmiss√£o do v√≠rus da Zika pelo mosquito,... https://t.co/LX9OXRCn9h"
13,"Confira a ‚ÄúOvillanta‚Äù, uma engenhoca simples que promete combater a prolifera√ß√£o dos mosquitos causadores da Zika https://t.co/S1CwvGk2eu"
89,"Retweeted Tuxedo Mosquito (@TuxedoMosquitoC):  Bring Zika-Fighting GMO Mosquitos to Puerto Rico, Says... https://t.co/3MNx9mR36O"
95,Com a quantidade de mosquito que tem no meu trabalho √© um MILAGRE eu ainda n√£o ter pego Zika. Nem Dengue. Nem Chikungunya.
235,"Com a diminui√ß√£o, quase fim, do jornal impresso √© √≥bvio que aumenta a quantidade de mosquitos. Era a melhor arma... #AedesIsBack #ZikaVirus"
108,"Retweeted Reuters Brasil (@ReutersBrazil):  Mosquitos adultos podem repassar Zika para sua prole, diz estudo nos... https://t.co/e7w50sseTp"
49,Retweeted Governo de S. Paulo (@governosp):  #Aedesaegypti Combate ao mosquito da #dengue e Zika V√≠rus come√ßa em... https://t.co/99rbg206L7
59,√â a primeira vez que os mosquitos portadores da zika est√£o presentes na zona continental dos EUA. https://t.co/DsNLY6d2Mb
28,Vivendo a √©poca dos Mosquitos: chikungunya e dengue e zica. E do PT :Governo C√¢mara e Senado. Ver sintomas.
234,"Explicado a preocupa√ß√£o da Hope Solo com a zika no Brasil. Com aquela mata Atl√¢ntica no 'suvaco das coxas',os mosquitos v√£o procurar a selva"
112,Retweeted Radio O Prolet√°rio (@RadioProletrio):  E a zika? Onde se enquadra? Mosquitos Geneticamente Modificados... https://t.co/SFoV2WyDnz
227,"Se a mosquita √© a mulher do mosquito, o Zico √© o marido da Zika."
40,"Evite a dengue, zika e chikungunya! N√£o deixe o mosquito nascer. Saiba como: https://t.co/4LePHCjTtC"
26,PAULADA  THE NEWS: Cinco dicas para se proteger do v√≠rus zica.A rela√ß... https://t.co/s2SueOXjKM
158,@carlosaaferreir √©s lindo ferreira Pareces o mosquito do zika num dia bom
197,"Com a Wanheda no Brasil fico at√© tranquila pq ela vai exterminar Dengue, Zika e Chikungunya O que √© um mosquito pra quem matou geral n√© non?"
0,"Do Zika ao Aborto, como assim!!  ‚ÄúCombater o zika v√≠rus tentando apenas erradicar o mosquito n√£o funcionar√°‚Äù  https://t.co/IvnlEl3lou"
62,Come√ßo a achar que a melhor forma de se proteger do zika e botar sapos em cada canto da casa
72,Retweeted Olhar Digital (@olhardigital):  Painel simula calor humano para atrair e matar mosquitos do v√≠rus zika:... https://t.co/ShQST3jP4u
142,Cover up? Zika Mosquitoes Same as GM Mosquitoes ... - https://t.co/aKeGblTT0m - #ArmageddonScenarios https://t.co/73ZzHfeY2Q
163,abro a janela p ventar entra chuva mosquito zika lula dilma testemunha de jeova tris teza al quaeda paz amor drogas mas vento que √© bom nada
107,"√â a microcefalia acomete crian√ßas cujas as m√£es contra√≠ram o Zika V√≠rus, transmitido pelo Mosquito da Dengue, veja que trag√©dia √© isso."
