,sims
0,mosquitonew
1,misquitobornvirus
2,mosquitoeskqed
3,mayallahprotectallofus
4,mosquitoswho
5,mosquitokillingbillboard
6,mosquitoesinfectedend
7,spraybody
8,naturalprotection
9,mosquitoesstatthe
10,mutantmosquitos
11,preventionampprotection
12,mosquitoawarenesswee
13,mosquitoesmustfall
14,repellentfever
15,mosquitogreenparty
16,mosquitoshumans
17,mosquitors
18,mmosquitos
19,mosquitoherds
20,mosquitospreadits
21,mosquitoi
22,mosquitoskillem
23,hairspray
24,repelents
25,pendingpublicprotector
26,mosquitoesmore
27,wheresthebugspray
28,mosquitosthis
29,mosquitospreading
30,mosquitomaximan
31,mosquitoroberts
32,misquitobased
33,decisionsprotect
34,bugsprayondeck
35,mosquitomanrepublicanszika
36,mousqutoes
37,mosquitotransmit
38,mosquitozikv
39,mosquitorichdavisphd
40,mosquitosthe
41,sprayinghttpstcoiqlothtu
42,protectyaself
43,mosquitoeshttpstcoypyawqxbp
44,timetoprotect
45,mousquitoes
46,unprotect
47,mosquitohunting
48,deetspraypeople
49,manlymosquito
50,momsampbabiesampprotecting
51,mosquitosin
52,mosquitomya
53,strepelle
54,mosqitojabki
55,iwilldrownmyselfinbugspray
56,mosquitosspray
57,mosqutoes
58,mosquitoeshttpstcogonxtsjk
59,iinsectrepellent
60,mosquitoscausing
61,spraysfor
62,miamisprayingforzikaviruswithnoendinsighthereswhatthemediaisnttellingyou
63,mosqitoborne
64,mosquitoeshttpstcocdwcdptv
65,dataprotection
66,mosquitoescdc
67,mexicanmosquitohope
68,mosquitostickingtheir
69,manrepeller
70,stopaerialspraying
71,mosquitoeshttpstcoznzuqhziic
72,mosquitovector
73,mosquitovisit
74,protected
75,mosquitosu
76,protect
77,sprayingthe
78,protectyourmoney
79,mosquitoesmilitarycomkatina
80,mosquitoeducationmonitoringpeer
81,mosqeetos
82,mosquitooo
83,spraycitronella
84,mosquitocan
85,mosquitoesdrop
86,protections
87,sprayingmiamipart
88,nationalismprotectionism
89,backgtprotecting
90,repellentcauses
91,mosquitocarrying
92,musquitozika
93,feverprotect
94,mosquitofactory
95,mosquitowomanwrapper
96,mosquitoesfirst
97,protectaidworkers
98,mosquitosml
99,protectthechild
100,vitalprotection
101,mosquitocontrols
102,repeller
103,whatsbeingsprayed
104,mosquitoesbrain
105,yourespraying
106,mosquitocontrolling
107,masterlockprotectssweeps
108,mosquitosno
109,mosquitoscause
110,trucksprays
111,mosquitoproducing
112,genocidesprayed
113,mosquitospraying
114,horizonprotective
115,mosquitorelated
116,repellentnot
117,mosquitophd
118,mosquitotold
119,beenwearingmosquitorepellantforweeks
120,mosquitoestotal
121,ampprotection
122,sprayterminix
123,mosquitoattacking
124,mosquitotadpgmowildfire
125,mosquitoridd
126,mosquitoescountries
127,mosquitosthat
128,repellentelpasotimes
129,bugspraying
130,mosquitoone
131,mansquito
132,misquito
133,mosquitosinsecticideslarvaecides
134,legislationprotect
135,mosquitosyou
136,protectmalaysia
137,saynotospraying
138,abstinenceprotection
139,mosquitoshieldp
140,mosquitowith
141,mosquitocafetx
142,mosquitoremember
143,spraythey
144,mosquitoingen
145,mosquitosdont
146,mosquitoestdap
147,mosquitoslayer
148,mosquitothey
149,zikapoisonspray
150,mosquitomediated
151,sprayn
152,repelle
153,mosquitotd
154,protectzika
155,mosquitothe
156,mosquitossink
157,meetingmosquitocontrol
158,mosquito
159,nowprotect
160,repellentyoull
161,cryoprotectant
162,mosquitoesdengue
163,protectcare
164,csprayed
165,mosquitoweekchat
166,mosquitoluring
167,preventionwwwxoxycomprotect
168,antispraying
169,mosquitonixjax
170,sprayers
171,mosquitoeradication
172,mommosquitos
173,spraysorganophosphates
174,mosquitoesa
175,targetsprayed
176,mosquitoesumm
177,cropprotection
178,spraystay
179,mosquitoparadise
180,mosquitoeating
181,oilprotect
182,mosquitogthumangtmosquito
183,insectrepellant
184,mosquetoesareevil
185,spraycant
186,isprays
187,mosquitocarriers
188,bugsprayon
189,jackspray
190,misqitoeszikanile
191,misquitos
192,mosquitoday
193,mosquitoeshatemosquitos
194,mosquitosbut
195,nomorespray
196,protectcleanwater
197,usemosquitorepellent
198,mosquitoactivity
199,fetusprotection
200,mosquitotransmi
201,mosquitoonly
202,mosquitoborneillness
203,handsprays
204,backampprotecting
205,mosquitossex
206,mosquitoye
207,mosquitoessince
208,mosquitoessarah
209,mosquitoestravelers
210,protects
211,mosquitohow
212,mosquitobrain
213,mosquitoextermination
214,mosquitoescnnibbctimesolympicnews
215,aerialsprayed
216,mosquitovsmosquito
217,mosquitocatcher
218,mumspraying
219,wherepell
220,mosquitosize
221,mosquitoesspreading
222,mosquitodoesnt
223,caresprotect
224,mosquitoestipandtoss
225,mosquitosbabies
226,protectius
227,mosquitomonitoring
228,mosquitonaodeveriaezistir
229,repellentszika
230,mosquitotoperson
231,mosquitomy
232,mosquitookay
233,mosquitocoil
234,mosquitoeborn
235,mosquitossuck
236,mosquitokillers
237,mosquitoessounds
238,protectionresearch
239,mosquitoesaredeadly
240,protectivesex
241,mosquitoesmy
242,sprayme
243,sprayover
244,sprayftcwill
245,mosquitoeswell
246,mosquitoprevention
247,repellantvery
248,mosquitoeshttpstcozitqjmbii
249,repelzika
250,mosquitoeshttpstcosvtnux
251,sprayinvented
252,mosquitosgreat
253,sprayng
254,mosquitoampstarts
255,mosquitorepellentsbednets
256,mosquinto
257,mosquitosbelieves
258,mosquitolab
259,mosquitoterror
260,spraygt
261,mosquitoesonly
262,mosquitoesone
263,mosquitomistingsystem
264,mosquitoeshttpstcouipmfygzh
265,mosquitoestx
266,mosquitoeshttpstcogscuvedqp
267,mosquitoesw
268,mosquitomore
269,insectspraydoes
270,repellantnew
271,sprayinghopefully
272,mutantmosquito
273,clothessprayactravelsex
274,mosquitosthru
275,mousqitoesi
276,mosquitobornedisease
277,bugsprayamp
278,mosquitosprayingkillingthebees
279,mosquitogassing
280,mosquitoamps
281,mosquitoesviruses
282,repellentpatchbracelet
283,repellency
284,sprayingso
285,mosquitorepellent
286,mosquitoesvia
287,protectionlearn
288,mosquitoesgtfunding
289,mosquitosmaralago
290,mosquitois
291,mosquitoesnotresistanttobats
292,allthebugspray
293,mosquitoeslike
294,mosquitoest
295,mosquitothemed
296,mosquitoauthority
297,mosquitomanagement
298,wemustprotectamericansfirst
299,mosquitoeswhat
300,mosquitofriendly
301,mosquitoeswho
302,sprayslotions
303,mosquitosayeee
304,spraymaybe
305,policyprotect
306,rtprotectpregnantwomen
307,mosquitovaccination
308,mosquitobrazils
309,mosquitoto
310,mosquitoresistant
311,mosquitobor
312,mosquitoespublichealth
313,mosquitozika
314,mosquitoszikavirus
315,isolationismselfprotectwho
316,mosquitosized
317,antizikaspraying
318,activeprotect
319,mosquitomilk
320,mosquitosdr
321,mosquitonix
322,naturalbugrepellent
323,wellprotected
324,beginspraying
325,usemosquitorepellant
326,mosquitorepellentinfused
327,mosquitonetting
328,mosquitoslady
329,mosquitoborneinfectionthedisease
330,zikaspray
331,protectfloridians
332,mosqiotoes
333,repellantmosq
334,mosquitobearing
335,mosquitotake
336,mosquitoshr
337,drainandcovertakevitaminbnaturalrepellentdontweardarkclothesfamilyplanning
338,mosquitoszika
339,mosquitosone
340,foryourzikaprotectionfloridatosprayneighborhoodswithmicrocephalycausinginsecticide
341,repellen
342,mosquitoesso
343,mosquitohungry
344,mosquitoesunitedmedsource
345,sprayguess
346,mosquitoits
347,manymosquito
348,mosquitobuzz
349,mosquitobornefootnotea
350,mosquitoslet
351,mosquitogotten
352,mosquitopassaged
353,mesquitos
354,arialspraying
355,protectionbeach
356,mosquitodead
357,mosquitoesunintended
358,mosquitoshttpstcopaamhxq
359,killsrepels
360,mosquitosoxitec
361,pesticidespraying
362,mosquitoesetribune
363,mosquitoesur
364,mosquitohater
365,bioprotectionnz
366,sprayingaimed
367,mosquitoeshas
368,protectlives
369,mosquitoesnoreason
370,putonbugspray
371,mosquitofocused
372,investinbugspray
373,protectallathletes
374,intprotection
375,mosquitoesgave
376,protectyourhealth
377,mosquitoabatement
378,mosquitoestraps
379,mosquitodenguezika
380,repellentvia
381,mosquitomitigation
382,mosquitosand
383,mosquitoswill
384,motorepellent
385,mosquitoestip
386,mesquitostgj
387,everyoneprotect
388,shouldistillputbugsprayon
389,mosquitomiami
390,misquitoprevention
391,mosquitoshttpstconwrsciedl
392,mosquitoesresistantmostrepellents
393,mosquitosdue
394,mosquitocontrolawarenessweekfightthebite
395,inprotected
396,testspraying
397,mosquitosuppressiontreatment
398,protectyourself
399,sprayto
400,mosquitoescombat
401,mosquitomates
402,nobugspray
403,mosquitoactive
404,mosquitonetsusa
405,betterspraysomeoff
406,mosquitofestival
407,bugrepellentshawty
408,mosquitokiller
409,mysquitos
410,mosquitocontrol
411,mosquitopatch
412,mosquitojusto
413,poisonsprayforall
414,mosquitowhich
415,sprayingmosquitos
416,mosquitosworried
417,misquotoes
418,iprotect
419,sprayusa
420,repeling
421,sprays
422,mosquitoesdaily
423,protectedunprotected
424,mosquitoesuralnewscom
425,hypedoublewinmasssprayers
426,misquitoestime
427,eeeprotection
428,mosqueeto
429,mindspraying
430,researchprotection
431,sprayingneed
432,zikasprayed
433,sprayhappy
434,protectcondoms
435,mosquitocarrie
436,mexicomosquito
437,mosquitosspeakerryan
438,mosquitoled
439,mosquitoeswhere
440,mosquitoespesky
441,mosquitoesthe
442,zgloveprotection
443,godprotectusall
444,mosquitoesthis
445,virussprayed
446,dontspray
447,mosquitoshttpstcotfsmalqhl
448,mosquitowiil
449,mosqueito
450,tosprayfor
451,fightprotect
452,mosquitoesticks
453,countriespraytoendabortionask
454,condomsandbugspray
455,mosquitojoe
456,mosquitospretty
457,repels
458,meruprotect
459,pregnancyprotection
460,consumerprotection
461,mosquitoeswolbachiasweaty
462,mosquitobitten
463,mosquitobournediseases
464,mosquitobiotech
465,airspraying
466,mosquetoes
467,mosquitoesgtmostly
468,travelprotection
469,mapsquito
470,skysprayed
471,virusprotective
472,mosquitophobes
473,mosquitoesthey
474,rioolympicsprotection
475,nosprayingforzika
476,educateprotect
477,mosquitoshoulda
478,mosquitolovin
479,mosquitocant
480,repeliotengel
481,mosquitozappingdevice
482,vicenewsfloridazikavirusmosquitoesspraynaled
483,mosquitosabout
484,mosquitoguns
485,mosquitosdo
486,mosquitoscarriers
487,protecthealth
488,spraywithout
489,repellentrepellentrepellent
490,protectdem
491,mosquitoenemies
492,ansellprotects
493,insectrepellents
494,mosquitokind
495,unsprayed
496,mosquitogreen
497,mosquitoesdefinitely
498,zikaprotect
499,mosquitoherminia
500,mosquitosto
501,bugsprayzika
502,sprayingwhat
503,mosquitoesspray
504,mosquitothen
505,mosquitosyoung
506,failuretoprotect
507,mosquitorepellant
508,mosquitoesamp
509,mosquitocombating
510,musquitoi
511,beprotected
512,mosquitosfewer
513,beesspraying
514,mosquitoesmosquitoes
515,insectrepellants
516,mosquitowho
517,mosqitoey
518,wellbeinghealthhealthmarketspraying
519,mosquuitoes
520,overprotective
521,mosquitoeshttpstcocciygm
522,stoppesticidespray
523,mosquitofogging
524,mosquitoestrinidad
525,symptomsprotect
526,travelprotected
527,mosquitonixs
528,mosquitoeshttpstcoglibmrzjj
529,virusampsprayingtheir
530,careprotect
531,mosquitoexcept
532,mosquitorepellents
533,handspray
534,spraypainted
535,arrowprotectedhomes
536,spraybut
537,zikivirusspray
538,mosquitobites
539,zikaprotected
540,usprotect
541,mosquitoshttpstcokqrvmkmp
542,feelprotected
543,mosquitoegg
544,mosquitonews
545,mosquitobusting
546,sprayingnow
547,mosquitosquadco
548,mosquitoesfor
549,mosquitoeshttpstcoxdvxj
550,bathoilspray
551,mosquitohttpstcoqfluanhp
552,repellantsprotection
553,mosquitoesmorons
554,mosquitolookin
555,seroprotection
556,mosqiuito
557,mosquitoall
558,maskthebestrepellentforzikamosquitoes
559,mosquitotrapping
560,mosqueitoes
561,mosquitosim
562,nomorepellent
563,mosquitobrazil
564,mosquitoesarebad
565,bugsprayeverythang
566,mosquitotruck
567,personalprotection
568,mosquitoborneillnesses
569,helpprotect
570,stopthespraying
571,mosquitoesthat
572,mosquitoworldmosquitoday
573,toprotect
574,aboutprotected
575,mosquitoampbug
576,sprayingmiami
577,mosquitosyuckzikadouble
578,loainguponbugspray
579,mosquitoesspecially
580,mosquitones
581,mosquitoesdeadliestkills
582,mosquitoinfe
583,sprayingkilling
584,protectionseriouslybased
585,musquitoes
586,mosquitoesleffmeplease
587,mosquitoeswolbachia
588,mosquitoesamprsq
589,worldgodsprayerroom
590,protectteam
591,spraygtdead
592,mosquitomikellc
593,mosquitoestryingtobiteme
594,sprayleememorial
595,zikanaledspraying
596,mosquitoeshttpstcowufadmuu
597,mosquitobyte
598,mosquitoscongress
599,nospraying
600,mosquitoex
601,repell
602,mosquitoproblems
603,mosquitoesnot
604,bsprayed
605,mosquitosgtsenate
606,mosquitonixrob
607,mosquitoco
608,mosquitorepellentdyed
609,spraydown
610,mosquitocovered
611,mosquitoesampboth
612,repellentno
613,mosquitoeshategarlic
614,bugsspray
615,zikavirusspray
616,protectors
617,mosquitomantra
618,mosquitoimmune
619,flgovscottprofitsfromzikasprayingnaled
620,mosquitosonce
621,mosquitostreat
622,stopsprayingflorida
623,mosquitoeshttpstcojdmquoj
624,handspraying
625,metronewsmosquitoes
626,protectd
627,bugrepellant
628,mosquitopos
629,mosquitoesif
630,mosquitoesedges
631,protectg
632,mosquitotransmitteddisease
633,everyonespraying
634,wearbugspray
635,httpstcoqvabrepelp
636,mosquitoessuspected
637,mosquitosseason
638,mosquitoeswtf
639,tonprotect
640,mosquitoranges
641,mosquitoesthen
642,repellentssome
643,spraycondoms
644,sprayampzapper
645,shareandprotect
646,mosquitorepellants
647,mosquitosnext
648,mosquitoespamplin
649,mosquitoeshttpstcojnxzvwhb
650,mosquitomenace
651,mosquitogames
652,jobprotect
653,spraywhy
654,mosquitotorpedoes
655,mosquitotrans
656,suitspraying
657,snacksspray
658,misquittos
659,mosquitoesll
660,overprotection
661,thinkbeeuspray
662,sprayu
663,mosquitoawareness
664,mosquitolarvae
665,dangerousprotect
666,yimupublicprotector
667,ministermosquito
668,mosquitoorne
669,repellentpatch
670,sprayinghttpstcoojaaduvf
671,mosquitosteve
672,repellenthttpstcodqikdmj
673,repellentsthose
674,preventiontravelrepellent
675,chemspray
676,masssprayed
677,repelentecoloquem
678,protectyourselves
679,mosquitocongress
680,spray
681,mosquitosnot
682,spraywizzard
683,mosquitoeshttpstcoumgvhzwh
684,precautionsampprotect
685,mosquitoesgeospatial
686,bugrepellantdidnothing
687,mosquitobourne
688,mosquitoversion
689,helpsprotectfromzika
690,mosquitospiral
691,mosquitocontrollers
692,mosquitoatcc
693,larvaicidespraying
694,mosquitoeshttpsyoutubeuxmdrygjc
695,mosquitossignaling
696,mosquitoeszikaabort
697,mosquitooriented
698,mosquitokilling
699,cropsprayed
700,neuroprotection
701,mosquitoprotective
702,mosquitoesinyourbackyard
703,mosquitodo
704,mosquitoesgmo
705,mosqiluitos
706,mosquitoenfermo
707,politicsampprotect
708,mosquitonetwithclass
709,protectthepope
710,virusprotection
711,mosquitoesshut
712,mosquitoapocalypse
713,sprayi
714,mosquitorealm
715,mosquitoville
716,mosquitoscreens
717,musquitocauses
718,mosquitopaqllc
719,madegtmosquito
720,mosquitoesunited
721,mosquitomas
722,mosquitoesocal
723,mosquitoesbryanjfischer
724,repellentsproven
725,zikarepelling
726,spraydaily
727,mosquitojoeneworleans
728,mosquitomax
729,protectn
730,mosquitoexplosion
731,spraycontrol
732,mosquitoast
733,mosquitoestidbits
734,mosquitozica
735,sprayhttpsyoutubevbbexdjdfe
736,repellentcoated
737,mosquitothere
738,sprayup
739,mosquitoeshttpstcouvjtornuq
740,zikasprayingcontroversy
741,mosquitoesbio
742,mosquitosmost
743,zikasurgeongeneralspray
744,mosquitondtvthe
745,mosquitosampzika
746,mosquitoor
747,mosquitocbsnews
748,humanprotection
749,mosquitoworks
750,mosquitoesitsallacoincidence
751,mosquitoesindoorergoone
752,sunscreenrepellent
753,mosquitoeshttpstcoxwmhmuf
754,protectyourbaby
755,mosquitosme
756,mosquitoeshttpstcoqttoyiks
757,mosquitoscdcemergency
758,mosquitopass
759,mosquitospray
760,mosquitokizasex
761,mosquitohuman
762,spraylesdoggg
763,repellentuse
764,ussprayg
765,providingprotections
766,outbreakprotect
767,discussionprotecting
768,mosquitoesgtgthttpstcoysaxxhvz
769,mosquitobiteu
770,zikarepellent
771,zikaprotection
772,mosquitoseh
773,mosquitoscbc
774,mosquitobitepreventionuspdf
775,mosquitohunters
776,manmosquitoes
777,mohhhsquitohs
778,evolutionprotection
779,spraymediamrktg
780,mosquitovania
781,moneymosquito
782,mosquitoflu
783,mosquitoeshttpstcocjkvzbba
784,drmikesparentingtipprotect
785,mosquitopakke
786,mosquitoeborne
787,mosquitoperhapsa
788,floridaprotect
789,mosquitonomics
790,mosquitoessuccessfully
791,mosquitoesdontcare
792,mosquitospread
793,mosquitoeszikv
794,mosquitoesmayaricay
795,musquitoicide
796,mosquitoscreen
797,protectionand
798,mosquitoalso
799,protectiveequipment
800,mosquitoeswill
801,massspraying
802,threatprotect
803,mosquitolivesmatter
804,mosquitocontr
805,phelpsprayers
806,insecticidesrepellants
807,cropspraying
808,mosquitoesyeah
809,mosquitoesbrazil
810,repellantsmethods
811,spraying
812,mosquitomaybe
813,mosquitohttpstcoewwuqfsqf
814,spraylotion
815,mosquitophoto
816,mosquitospecies
817,mosquitoaway
818,stopspraying
819,protector
820,mosquitofigh
821,mosquitoupstate
822,mosquitorich
823,mosquitoesor
824,mosquitobreeding
825,mosquitoo
826,mosqitoescarrying
827,letsspray
828,mosquitonow
829,mosquitoshttpstcogabkmq
830,mosquitoesalso
831,mosquitoprobably
832,mosquitopaq
833,biowarsprayingvaccines
834,mosquitoshmmmm
835,mosquitofloridas
836,mosquitobased
837,mosquitoshate
838,mosquitoesdiscuss
839,protectpollinators
840,stopthespray
841,mosquitoessee
842,killrepel
843,mosquitodengue
844,prioritiesprotect
845,mosquitotr
846,mosquitohttpstcolkirtdizf
847,protectionist
848,mgmosquitoes
849,patchesrepellent
850,mosquitohumor
851,mosquitofree
852,mosquitomostly
853,mosquitoswest
854,mosquitospreadinfection
855,mosquitoremainder
856,mosquitoescrack
857,mosquitosfinish
858,ampprotected
859,mosquitoprotection
860,mosquitocraves
861,mosquitosi
862,mosquitoesbut
863,spraytan
864,mosquitoesbug
865,mosquitosexual
866,mosquitosmalariazika
867,mosquitojpg
868,mosquitoalert
869,wspraying
870,sprayformosquitos
871,mosquitomaiszicaqueseuprimozicaquecantarap
872,microcephalyspraying
873,mosquitto
874,repellentsbarriers
875,repel
876,mosquitoheavy
877,mosquitosbrazil
878,mosquitorio
879,monkeyssquitosbats
880,overspray
881,mosquitoesfundedbygateshttpstcodlfbokkjp
882,sprayin
883,mosquitobo
884,spraybee
885,sprayworks
886,coolprotect
887,mosquitoway
888,newwaystorepelmosquitoes
889,mosquitosthere
890,mosquitohell
891,laukatirepellent
892,mosquitobusters
893,wherestherepellant
894,getthatmosquitospray
895,mosquitoshttpstcoplvyatbwph
896,mosquitoecontrolmeasures
897,mosquitoescan
898,mosquitoesgood
899,mosquitomqt
900,mosquitobloom
901,mosquitogmo
902,mosquitogt
903,mosquitopls
904,moisquito
905,mosquitoesgreens
906,mosquitoesdontspreadstds
907,mosquitoroh
908,zikasprayingdeet
909,aftersprays
910,mosquitoesloveme
911,mosquitoestropics
912,widesprayed
913,mosquitohttptcoibttnxme
914,protectthemnow
915,oversprayed
916,mosquitoesampzikasome
917,considerationrepel
918,misquitoes
919,sunprotection
920,mosquitoassociated
921,sprayinggmo
922,dontspraying
923,mosquitoweek
924,mosquitotinged
925,mosquitojars
926,mosquitotraps
927,aerialspraying
928,sprayd
929,trybugspray
930,mosquitoesnahhh
931,sprayinghttpstcoelksemd
932,repellentzika
933,sprayaway
934,overloadthebugspray
935,repelant
936,mosquitoeshttpstcokqppixk
937,mosquitobornediseases
938,amprepellentsshould
939,swatdrainrepelzika
940,spraycondomsgo
941,dualprotect
942,viruspray
943,mosquitoesmiller
944,mosquitoskilling
945,memosquitoes
946,mosquitohttpstcohorlsvq
947,mosquitoszikv
948,protectourborders
949,preventionprotection
950,protectionavoid
951,mosquitodefeating
952,mosquitoriding
953,mosquitoesoxitec
954,sprayingcia
955,wwwnaturalnewscomzikaaerialsprayingchemicalweaponspollinatordeathshtml
956,centreforhealthprotection
957,mosquittoes
958,mosquitoand
959,mosquitosif
960,mosquitowars
961,bugsprayfordays
962,mosquitohttphnewssingaporezikainfectionsrose
963,zikavirusprotection
964,repellentetc
965,mosquitoeshttpstcofqlbfkliyi
966,mosquitof
967,unprotectedsex
968,mosquitostamp
969,insectrepellentsshould
970,sprayingpt
971,mosquitoesbrock
972,protectionmosquito
973,mosquitot
974,repellentsno
975,mosquitorepellantsgtgt
976,outspray
977,mozzierepellent
978,getsomebugspray
979,mosquitosquads
980,nonaledsprayinmiamibeach
981,researchspray
982,protectionimmunity
983,ineedtheworldslargestcanofmosquitorepellent
984,mosquitomadness
985,mosquitoesadult
986,mosquitoaids
987,mosquitoespesticidescchange
988,mosquitogobbling
989,protectip
990,mosquitoesnight
991,mdagmosquito
992,preventionisprotection
993,mosquitoesvsmankind
994,spraysamell
995,mosquitotransmissions
996,spraypathetic
997,protectes
998,mosquitoc
999,aerialsprayings
1000,mosquitoeshttpstcoxeunqpkbbn
1001,alwaysprotecturweenie
1002,misquitosit
1003,zkspraying
1004,mosquitoscott
1005,mosquitoespesticidestdap
1006,mosquitoresearch
1007,protectpets
1008,immunoprotective
1009,protectyourlilonesohgodofmercy
1010,mosssquito
1011,mosquitoesinterim
1012,sprayingand
1013,mosquitobro
1014,mosquitothat
1015,gotmybugspray
1016,sprayingnew
1017,protectsrp
1018,repellentcondomsampmosquito
1019,protectfrom
1020,mosquitoesergoincrease
1021,mosquitospovertyovercrowding
1022,mosquitophobe
1023,mosquitoskillingspree
1024,mosquitotal
1025,miamiheraldmosquitoes
1026,mosquitobuggers
1027,protectmosquitoszikavirusmedicinesciencemothernatureafricapublishingnewborns
1028,mosquitocatherine
1029,mosquitolet
1030,mosquitoesprotect
1031,spraye
1032,trackerkeepsspreadinguselessspray
1033,moocsquitos
1034,mosqiuitos
1035,mosquitoescell
1036,mosquitonado
1037,mosquitoswhat
1038,duuuhhhhprotect
1039,mosquitoeshttps
1040,mosqitos
1041,skyspraying
1042,mosquitovectors
1043,mosquitostopping
1044,incropsprayed
1045,malformationsinmosquitoesreallycauseofmicrocephaly
1046,protectuse
1047,mosquitoesfever
1048,modifiedmosquitoes
1049,protectourkids
1050,mosquitoesallaboutzika
1051,mosquitomay
1052,mosquitoman
1053,mosquitosberough
1054,mosquitoesmosquitovirustrackthebiteharkonemeindanger
1055,repellantavoid
1056,protectedfrom
1057,mosquitoplease
1058,mosquitoesaretheworst
1059,mosquitoesgrand
1060,mosquitovirus
1061,newwaystorepelmosquitos
1062,cytoprotection
1063,mosquitoesforyears
1064,mosquitoctrl
1065,massspray
1066,sprayvitamins
1067,mosquitoesout
1068,mosquitomonday
1069,protectionfunding
1070,unprotected
1071,protecti
1072,mosquitoestheyre
1073,mosquitospotscenampsoamcaribbeansprding
1074,mosquitojoes
1075,mosquitoespuerto
1076,mosquitomascot
1077,musquito
1078,mosquitoeswhopaho
1079,mosquitoeshn
1080,respray
1081,protectorate
1082,mosquitoessuck
1083,mosquitoeshttpstcoejyzkqidl
1084,repelizaturing
1085,pregnantprotect
1086,meanwhilespray
1087,mosquitosfirst
1088,mosquitoproofing
1089,mosquitoesin
1090,tospray
1091,mosquitoillness
1092,socialprotection
1093,mosquitoessame
1094,mosquto
1095,sprayingr
1096,crossprotect
1097,mosquitothis
1098,mysquito
1099,protectyourselfagainstzika
1100,mjsquitoes
1101,monsantodeathsprays
1102,protection
1103,mosquitoaedes
1104,mosquitobetter
1105,mosquitopopulation
1106,mosquitomgmt
1107,mpsquito
1108,protectafilm
1109,bathinginbugspray
1110,repellantssprays
1111,mosquitoesuse
1112,organicbugsprayisajoke
1113,mosquitoeshttpstcodpocpihab
1114,floridasprayingneurotoxicpesticide
1115,sprayinformation
1116,ricasprayed
1117,mosquitosuck
1118,insectrepelling
1119,mosquitobug
1120,morethanmosquitos
1121,mosquitogovernment
1122,andwearmosquitorepellent
1123,mosqueto
1124,mosquitosquadfc
1125,protectflwomen
1126,mosquitosdamn
1127,repelen
1128,getprotected
1129,dontforgetthebugspray
1130,toprotectyourbabytakeorganicseleium
1131,mosquitoessoalso
1132,protectbabies
1133,mosquitoesand
1134,mosquitosquad
1135,mosquitosbeknowing
1136,mosquitoeslivemintzika
1137,sprayingdaily
1138,stayprotectedwithodomos
1139,mosquitosever
1140,mosquitoesstayontheknow
1141,mosquitoesfg
1142,thebugrepellent
1143,mosquitopandemic
1144,virusprotect
1145,mosquitosquadron
1146,homeprotection
1147,mosquitocane
1148,mosquitosooooo
1149,dontspraymebro
1150,bugsprayfail
1151,antiviralneuroprotective
1152,spraybeforeyouplay
1153,evolvelovespray
1154,mosquitosnor
1155,mosquitosddt
1156,repellemtraah
1157,zikasprayharmsinfants
1158,mosquitocarried
1159,politicsampprotectready
1160,ampspraying
1161,mosquitoinsect
1162,broadlyprotective
1163,mosquitodriven
1164,asssspraying
1165,mosquitomillion
1166,protectio
1167,mosquitobiteprevention
1168,truckspraying
1169,mosquitoesbfor
1170,mosquitoseverywhere
1171,mosquitovirusnomore
1172,unprotectd
1173,prepareprotect
1174,mosquitoeggs
1175,moneymosquitos
1176,mosquitosadly
1177,theyrsprayingyeahthoseushouldbafraid
1178,sprayingact
1179,mosquitoesampsex
1180,mosquitotas
1181,mesquitoes
1182,measuremosquitos
1183,dualprotection
1184,mymosquitonix
1185,mosquitoesneither
1186,mosquitod
1187,mosquequitos
1188,morethanbugspray
1189,mosquitoeslaurenglassberg
1190,mosquitoattracting
1191,mosquitoridden
1192,stopsprayingpesticides
1193,repelentes
1194,properlyprovidefundingprotect
1195,mosquitousain
1196,cyberspraying
1197,sprayingconsider
1198,mosquitosfaq
1199,misquitoslearntoo
1200,mosquitoesportland
1201,witnessprotectionprogram
1202,mosquitoescarrying
1203,repellent
1204,mosquitophobia
1205,mosquitograveyard
1206,mosquitogas
1207,protectiveand
1208,mosquitoswe
1209,mosquitoderived
1210,widespraying
1211,mosquitobornezika
1212,mosquitojoeofmetairie
1213,mosquitoesfighting
1214,mosquitoesex
1215,timesspraying
1216,mosquitoehttpstcoosllcnghr
1217,mosquitolympics
1218,sprayingresearch
1219,mmosquito
1220,borderprotection
1221,repellenti
1222,mosquitoshopefully
1223,mosquitosame
1224,bugrepellents
1225,mosquitosis
1226,mosquitosweapons
1227,mosquitoesyearround
1228,offspray
1229,mosquitoeshttpstcoaxtzroc
1230,mosquitoy
1231,protectbees
1232,mossquito
1233,mosquitohappy
1234,finalspraying
1235,mosquitodays
1236,rightsrepeliotengel
1237,mosquitocoast
1238,beanspray
1239,sprayingcostly
1240,viewprotect
1241,mosqiutos
1242,mosquitoamplinked
1243,mosquitodisastermovies
1244,mutatedmosquitos
1245,mosquitosnow
1246,zikavirusprotectiontips
1247,misquitochild
1248,mosquitocannot
1249,mosquitosshenacavallo
1250,gtselfprotection
1251,homemadebugspray
1252,mosquitorepelling
1253,offbugspray
1254,mosquitoeducation
1255,repellem
1256,mosquitosbs
1257,mosquitoesmaybe
1258,mosquitohere
1259,mosquitoimmediately
1260,repelmosquitoes
1261,protective
1262,mosquitoampother
1263,mosquitosweaponized
1264,mosquitoshavetakenovermybody
1265,pepperspray
1266,spraysnc
1267,mosquitoesheard
1268,mosquitokillerbillboard
1269,mosquitoeswest
1270,umeprotect
1271,drmikesparentingtiprepel
1272,repellentinfused
1273,mosquitoshaming
1274,mosquitoconspicuous
1275,mosquitoeseverywhere
1276,mosquitoinfested
1277,naturalinsectrepellent
1278,metromosquito
1279,mosquitoesblowing
1280,mosquitoesun
1281,usprotecting
1282,canigetsomerepellant
1283,mosquitogiven
1284,movethereamphaveunprotected
1285,masquito
1286,protectthebees
1287,mosquitofi
1288,mosquitoestexas
1289,mosquitoexpedite
1290,misquitoe
1291,yearprotection
1292,sprayampbracelets
1293,mosquitoblowies
1294,mosquitoesshameful
1295,preventprotecting
1296,mosquitosex
1297,mosquitovectorstd
1298,mosquitoesamong
1299,mosquitoesplease
1300,fumigatedpeoplesdenguezikaampsprayingchempoisons
1301,sprayzika
1302,musquitos
1303,mosquitosspreaddisease
1304,mosquitoeswtg
1305,mosquitosblood
1306,mosquitomagnet
1307,mosquitomonster
1308,stayprotected
1309,mosquitoecongress
1310,mosquitocontro
1311,nospray
1312,mosquitoestell
1313,mosquitoesis
1314,protectyaneck
1315,bugspray
1316,repellantthen
1317,mosquitoesstudy
1318,protectus
1319,mosquitosampwhat
1320,mosquitoplaceholder
1321,mosquitosanyone
1322,insectprotection
1323,mosquitoeshttpstcotwwwjtjfrv
1324,repellenthttpstcoojgrsnilhd
1325,mosquitoescdcsays
1326,protectmewith
1327,mosquitotra
1328,mosquitoesim
1329,mosquitochaser
1330,mosquitorepellentsoff
1331,mosquitosnotrump
1332,mosquitolike
1333,mosquitobuckle
1334,mosquitosloveblue
1335,mosquitoescall
1336,sprayinghttpstcotelsbvye
1337,mosquitoesltltit
1338,concernsspraying
1339,sprayon
1340,makeamericasprayagain
1341,dotesprotect
1342,novicesspraying
1343,mosquitogone
1344,mosquitodeet
1345,killedsprayed
1346,malesmosquitos
1347,mosquitoesmrmrsgates
1348,sprayedqld
1349,mosquitofull
1350,problemsprayflorida
1351,sprayerscartoonsbyjosh
1352,mosquitobore
1353,misquitoeslike
1354,sprayingmultiple
1355,bugrepellantondeck
1356,kprotectiondog
1357,repellentso
1358,protectionhttpstcokcijwuz
1359,protectagainstmosquitos
1360,mosquitoeskind
1361,protectyourbody
1362,mosquitoesfight
1363,mutatedmosquito
1364,mosquitoesusers
1365,mosquitoavoid
1366,mosquitotransmission
1367,preventampprotect
1368,mosquitosenjoy
1369,protectionwant
1370,mosquitoshttpstcoeudkzbuzl
1371,protectable
1372,manmonkeysmosquitoessee
1373,offrepellent
1374,mosquitoproofanyone
1375,mosquitoprayers
1376,mosquitosgtbrits
1377,repellantcheck
1378,messedmuzedmussedmusedmosedmozedmosquitozikaebolaed
1379,mosquitoeszikavirus
1380,warnprotect
1381,mosquitoesdeveloped
1382,masquitos
1383,mosquitowolbachia
1384,passpraying
1385,systemshttpwwwmistairazcomzikamosquitoprotectionmisting
1386,mosquitoescarry
1387,mosquitostesting
1388,mosquitoesshe
1389,mosquitoeshttpstcoyrtombec
1390,mosquitoesrelease
1391,spraycanann
1392,extraspraying
1393,mosquitoeshttpstcojrqjhaqlbe
1394,mosquitoesfromhell
1395,mosquitoessomeone
1396,insectrepellantlined
1397,mosquiotos
1398,mosquitoheads
1399,repellentcdc
1400,mosquitomate
1401,mosquitotransmited
1402,stopsprayingus
1403,mosquitosticks
1404,mosquitokillin
1405,mosquitosor
1406,sprayer
1407,protectourbabies
1408,mosquitoland
1409,mosquitoborneampzika
1410,userepellent
1411,seleniumprotectsyourbaby
1412,sprayyou
1413,msgmosquitoes
1414,airspray
1415,sprayedman
1416,mosquitotransmitte
1417,misqito
1418,mosquitoescheck
1419,mosquitoesof
1420,mosquitoshttpowlyxsponxh
1421,muchgodprotectionvirus
1422,protectinnoculate
1423,misquetos
1424,mossquitoes
1425,bugrepellentbenext
1426,birdrepellentgel
1427,repellants
1428,dryspray
1429,mosquitobay
1430,spraydrain
1431,mosquitoesnothing
1432,mosquitoeshttpstcoykxklfts
1433,mosquitomalaria
1434,zikazoneinfloridabecomesaghosttowninlightofpesticidespraying
1435,mosquitofarmer
1436,manmonkeysandmosquitoes
1437,protecthrc
1438,mosquitoesnew
1439,masqito
1440,mosquitoesbe
1441,mosquitosloveme
1442,mesquito
1443,offsprayondeck
1444,mosquitoinfo
1445,makotoaujaponmosquito
1446,mesqeuito
1447,nobugsprayneeded
1448,protectin
1449,mosquitoesampthey
1450,needshelpforzikaapprovalsprayed
1451,mosquitoespilot
1452,mosquitosmore
1453,mosquitoeswe
1454,mosquitoeshttpstcokfhxlpx
1455,mosquitophilic
1456,mesqieto
1457,syriaprotector
1458,protectionswe
1459,mosquitoesamprio
1460,neuroprotective
1461,protecttheunborn
1462,mosquitosinoctober
1463,protectionzikavirus
1464,mosquitoe
1465,mosquitoesampintentional
1466,mosquuto
1467,mosquitoespread
1468,mosquitoya
1469,mosquitoeshope
1470,sprayingamid
1471,mosquitoeshour
1472,mosquitou
1473,mosquitoslook
1474,sprayfree
1475,mosquitoshour
1476,mosquitoesvirus
1477,scienceprotective
1478,mosquitostime
1479,mosquitocassandrayoung
1480,mosquitoesphoto
1481,mousquitos
1482,mosquitoseparating
1483,zikaprotective
1484,mosquitotrap
1485,mosquitoeshr
1486,zikarepellant
1487,repellant
1488,protectndamendment
1489,mosquitospbs
1490,mosquitoesnow
1491,repelled
1492,mosquitohttpstcowanlefwm
1493,nocookingspray
1494,mosqioto
1495,mosquitonets
1496,mosquitolondon
1497,mosquitoeshttpstconvaaruvfl
1498,outcomesprotect
1499,febprotect
1500,mosquitoshould
1501,mosquitoesno
1502,mosquitofemaleeggs
1503,olympicsprotect
1504,givearepellentforian
1505,mosquitomosquito
1506,sprayyourpenisdownthissummer
1507,virusspray
1508,mosquitossi
1509,sprayno
1510,userepellents
1511,sprayingzikabyebye
1512,sprayszika
1513,mosquitowithzika
1514,mosquitoeseng
1515,repellentalthough
1516,protectthefuture
1517,mosquitoborndisease
1518,bringyourinsectrepellant
1519,mosquitolinked
1520,sprayus
1521,mosquitoeshttpstcobpvl
1522,mrsmosquito
1523,mosquitobugit
1524,mosquitocon
1525,protecttxpets
1526,mosquitoespregnant
1527,wheredabugsprayat
1528,bugsprayasabenefit
1529,mosquitoeradicationcertificate
1530,repelent
1531,mosquitodunks
1532,mosquitosspread
1533,protectiveapparel
1534,browardaerialspraying
1535,mosquitofound
1536,mosquitoit
1537,mosquitoeswolbachiaiaea
1538,loomprotect
1539,mosquitowas
1540,mosquitostrump
1541,curespray
1542,mosquitomicrobe
1543,protectionampready
1544,protectyourfamilynow
1545,mosquitoesrramoswftv
1546,mosquitolivecom
1547,mosquitosa
1548,nosprayoc
1549,promospray
1550,inviteprotect
1551,mosquitoesbugs
1552,mosquiotoes
1553,mosquitocontracted
1554,countiesprotect
1555,mosquitoeshttpsyoutubeyojuocegim
1556,nyprotect
1557,protectthepack
1558,mosquitoessafe
1559,mosquitoesbreeding
1560,mosquitoesrahh
1561,mosquitocide
1562,mosquitob
1563,worldnewssprays
1564,mosquitoesantiquated
1565,mosquitogive
1566,mosquitoesap
1567,mosquitoamp
1568,mosquitoeswhich
1569,mosquitobornevirus
1570,protectionthem
1571,mosquitobone
1572,mosquitoif
1573,wantsprotect
1574,hypospray
1575,sprayed
1576,mosquitoaedesaegyptizika
1577,protectmypeople
1578,mosquitoestech
1579,mosquitoesspread
1580,mosquitotasmaniacrop
1581,presprayed
1582,mosquitodestroyingbox
1583,protectflag
1584,protectant
1585,mosquitocaused
1586,mosquitoesall
1587,mosquitoborn
1588,mosquitocontrolawarenessweek
1589,mosquitorep
1590,zikaspraying
1591,mosquitoesvectorsneed
1592,mosquitoseason
1593,mosquitoezz
1594,mosquitosunless
1595,mosquitoestrue
1596,protectwomenshealth
1597,closeprotection
1598,bluelineprotecton
1599,mosquitoscentral
1600,precautionampexerciseprotectionspreadtheword
1601,mosquitosbradenton
1602,sprayingampinjections
1603,protectionabstain
1604,mosquitophdwhat
1605,mosquitozikavirus
1606,justboughtoffspray
1607,mosquitouganda
1608,mosquitoesoc
1609,repellence
1610,usebugspray
1611,mosquitosthese
1612,misquitowatch
1613,mosquitovectored
1614,enjoydeetspray
1615,mosquitoesi
1616,mosquitohttpstcoaqffsskzd
1617,listprotect
1618,mosquitoea
1619,mosquitoeshttpstcojawmmftob
1620,mosquitoestheres
1621,mosquitoeschem
1622,mosquitoesaccording
1623,keepputtingonbugspray
1624,repelente
1625,mosquitoesare
1626,godsprayerroom
1627,mosquitoesamprats
1628,protecte
1629,misquieto
1630,mosquitoshield
1631,mosquitosnotbeingcritical
1632,insectrepellentclothing
1633,mosquitoespeople
1634,mosquitosampreleased
1635,mosquitobrne
1636,mosquitosinjected
1637,mosquitoesprogram
1638,misqitos
1639,yearspraying
1640,fetusampprotect
1641,sprayinghttpsyoutubelbvnuuwry
1642,mosquitoesdontcausemicrocephaly
1643,mosquitowidely
1644,mosquitoin
1645,mosquitonetstore
1646,mosquitolast
1647,mosquitohot
1648,spraytaning
1649,mosquitoesst
1650,mosquitoheaven
1651,repellentpro
1652,repellantamp
1653,mosquitous
1654,mosquitoesprefer
1655,mosquitocatchers
1656,mosquitoesstltodaycomrio
1657,mosquitoehttpwwevolutiopatentsorigins
1658,mosquitoesdemocrats
1659,publicspraying
1660,coverageprotect
1661,mosqitoesampsex
1662,mosquitopreventer
1663,mosquitoeshttpstcojklwrurxw
1664,mosquitofish
1665,preventprotect
1666,protectb
1667,mosquitoeshttpstcofivcwaig
1668,betterstockuponbugspray
1669,protectionisbestprevention
1670,doingprotect
1671,mosquitobe
1672,hairsprayed
1673,mosquitocatching
1674,deetspray
1675,mosquitoesofficials
1676,dontsprayme
1677,mosquitodiseases
1678,billprotect
1679,mosquitothats
1680,mutantmosquitoes
1681,mosquitofrenzy
1682,bioprotection
1683,bosssprayzikabyplanemixnodange
1684,mosquitostan
1685,xprotection
1686,publicprotector
1687,mosquitozikain
1688,jesusprotect
1689,mosquitobusiness
1690,acscreensrepellants
1691,mosquitoeshes
1692,mosquitowater
1693,mesquetoes
1694,mosquitoessexual
1695,repellents
1696,mosquitoawarenessweek
1697,mosquitopocalypse
1698,sprayerdepot
1699,repelling
1700,mosquitoslegs
1701,mosquitofighting
1702,mosquitoefreeish
1703,cdcusingthezikavirustojustifyforcedvaccinationsquarantinesandmassaerialspraying
1704,controlsprays
1705,mosquitoesdisastrous
1706,mosquitoesscience
1707,mosquitoesoutbreak
1708,offsprayallover
1709,mosquitoswould
1710,mosquitoesstay
1711,packedallthebugspray
1712,protectionformotherandbaby
1713,mosquitoshope
1714,protectstp
1715,repellient
1716,protecthumanity
1717,mosquitoeshttpstcoxbmfomwi
1718,mosquitoampvirus
1719,protectorates
1720,mosquitoeshttpstcooefayi
1721,mosquitoesawful
1722,plungeprotect
1723,mosquitosun
1724,mosquitor
1725,mosquitotransmitt
1726,mosquitoesampzika
1727,refuseprotect
1728,microcephalymosquito
1729,mosquitoan
1730,mosquitosat
1731,wecanprotectyoufromzikamosquitos
1732,sprayg
1733,wrepellent
1734,yrsspray
1735,sprayings
1736,burnsprotect
1737,mosquitosafety
1738,vaccinationspraying
1739,mosquitos
1740,mosqito
1741,zikaprotecting
1742,repellentsdeet
1743,mosquitolets
1744,mosquitobornemild
1745,mosquitofest
1746,spraywill
1747,malariamosquitoes
1748,mosquitoeshttpstcojfidqwium
1749,repellers
1750,sprayingwhich
1751,sprayvitami
1752,mosquitoincreasing
1753,mosqitoesthis
1754,mosquitotransferred
1755,mosquitozikaids
1756,mosquitoes
1757,mosqweeto
1758,protectinglife
1759,protectionism
1760,mosquitomade
1761,mosquitonatural
1762,gunupprotect
1763,spraythis
1764,mosquoto
1765,mosquitoeshttpstcohnzqhubdpl
1766,mosquitoarbovirus
1767,zikasprayman
1768,mosquitoswhy
1769,mosquittosevil
1770,coverspray
1771,misquotoe
1772,mrmosquitoatl
1773,repellenttreated
1774,moisquitos
1775,mosquitoarmageddon
1776,mosqutos
1777,deterrentspray
1778,mosquitohulk
1779,repellantto
1780,chilenodicecrearepelentecontramosquitoproducezika
1781,mosquitosborne
1782,mosquitoessymptoms
1783,mosquitoyou
1784,swatdrainandrepelzika
1785,repellentsunscreen
1786,mosquitoesto
1787,misquitosloveme
1788,naledspray
1789,mosquitoesbecause
1790,mosquitolove
1791,sprayingwillbecompleteshortly
1792,mosquitoey
1793,mosquitomonsterga
1794,minimosquito
1795,mosqauitowater
1796,sprayingfogging
1797,zikabecarefulluserepellents
1798,thatsalotofmosquitorepellant
1799,wspray
1800,mosquitorats
1801,aerialsprayingzika
1802,mosquitoskm
1803,mosquitohope
1804,windowsprotect
1805,mosquitoat
1806,mosquitobite
1807,mosquitobut
1808,shotsprotect
1809,buymosquitorepellant
1810,keepspraying
1811,mosquitoeskill
1812,mosquitoborneread
1813,mosquitoam
1814,mosquitoborndiseases
1815,mosquitoesgt
1816,repellantsstop
1817,miamiaerialspraying
1818,mosquitoeshow
1819,mosquitorelate
1820,mosquitoesits
1821,mosquitobit
1822,mosquitoborne
1823,bugrepelling
1824,protectourathletes
1825,mosquitoprone
1826,womansupportampprotect
1827,mosquitoesterrifyme
1828,perfumesrepellent
1829,mosquitoesillegal
1830,mosquitoeshttpstcoohzavwqit
1831,virusesvaccinateprotect
1832,mosquitosyal
1833,protectfamilies
1834,mosquitoess
1835,plsprayforthem
1836,mosquitosjust
1837,buybugspray
1838,sprayzikavirus
1839,sprayingchemical
1840,mosquitonot
1841,newsmedicaidpayspray
1842,spraybugsprayonit
1843,helpspray
1844,mosquitozzzzzzzzzzzzzzzzzzz
1845,protectyourfamily
1846,mosquitoshows
1847,spreadingprotect
1848,mosquioto
1849,spraysmyselfwithraid
1850,bugsprays
1851,mosquitoqueen
1852,mosquitohello
1853,mosquitoacquired
1854,spraysomemore
1855,momsquitobite
1856,mosquitoezika
1857,mosquitotransmitted
1858,aerialspray
1859,passthebugsprayplz
1860,mosquitoscary
1861,mosquitotomother
1862,mosquitoesbrazillooking
1863,aboutspray
1864,overhdsprays
1865,mosquitoesoxitecs
1866,mosquitoesinseticides
1867,mosquitophobic
1868,mosquitohttptcoyiudzxozy
1869,repellentmayb
1870,headprotection
1871,mosquitoesstop
1872,mosquitotasmania
1873,mosquitowouldnt
1874,mosquitocar
1875,mosqitoes
1876,mosquitosthwackx
1877,mosquitoesit
1878,zikagtspraying
1879,naturalmosquitorepellent
1880,mosqueitos
1881,mosquitogtgthttpstcotgqegkogy
1882,wearyourrepellent
1883,mosquitoesposted
1884,mosquitoeszika
1885,mosquitofreewater
1886,mosquitoeskrqe
1887,mosquitosamp
1888,bugrepellent
1889,mosquetos
1890,repellentit
1891,mosquitofacts
1892,riseprotect
1893,insectrepellentclothings
1894,mosquitodis
1895,sprayforzika
1896,mosquitoonsteroids
1897,mosquitoless
1898,mosquitoproof
1899,mosquitoesas
1900,mosquitodisease
1901,insectspray
1902,chemicalspraying
1903,mosquittos
1904,airlinesspraying
1905,mosquitoessex
1906,risksprotectioncondoms
1907,mosquitoby
1908,mosquitonet
1909,mosquitost
1910,healthyeducatedampprotected
1911,protecting
1912,spraytexas
1913,mosquitoslinked
1914,sprayandpray
1915,mosqiuto
1916,stopsprayingpoison
1917,mosquitoplatoon
1918,repellentsexcited
1919,sprayingimperativeto
1920,protectroe
1921,mosquitosthink
1922,insectrepellent
1923,spraypffft
1924,mosquitoesgtgtdelaying
1925,ladiesprotectyourselves
1926,deetinsectrepellent
1927,mosquitospublichealth
1928,overspraying
1929,mosquitotohuman
1930,controlrepellentsrisks
