,tweets_VB
0,Protege a tus bebes y ni√±os contra el mosquito que transmite el virus del Zika. Disponible en #QuePeque√±os... https://t.co/gQOQYFGEm9
1,¬øVa a viajar al exterior con los ni√±os este verano? Sepa c√≥mo protegerlos del #Zika. https://t.co/rlN4dhHa9c https://t.co/zZHmRwTF1Y
2,"¬øExtinguir a los mosquitos del #Zika para frenarlo? #CRISPR podr√≠a, pero ¬øse llegar√≠a a un consenso para ello? https://t.co/xzT07iEFMy"
3,"Voy a mandar un DM a Bill Gates para q me cree un  mosquito gen√©ticamente alterado, como el del Zika, para combatir Ks"
4,Estoy a una picada de mosquito que me de zika
5,Voy a morir me trague un mosquito y despu√©s me entro uno por la nariz. Muerte por zika yate100to
6,"Advierten a los turistas que viajen a #Brasil por la proliferaci√≥n del virus zika, que es transmitido por mosquitos."
7,"Advierten a turistas que viajen a Brasil por el virus zika, del mosquito aedes https://t.co/U0q1k2hNxI"
8,Recomiendan a quienes viajen a Brasil tomar medidas para evitar el virus Zika transmitido por el mosquito del dengue https://t.co/LqaPYQb229
9,Vacunar√°n a mosquito del #Zika para evitar que propague la enfermedad https://t.co/yZBeljA1Nf https://t.co/yHfqG7VJQA
10,'Van a seguir los mosquitos siendo los vectores m√°s importantes de la enfermedad' Ministro Barrios s/ #Dengue #Zika y #Chikungunya #730AM
11,"'Proteger√°n a Papa del zika' 'inicia fumigaci√≥n a√©rea y en casas.' Ah, qu√© bueno que es por √©l. Pffffff. https://t.co/zrhoSS2Ngv"
12,¬°Ayudadnos a acabar con el mosquito tigre! https://t.co/aYqnZdRANB #Zika https://t.co/ERqDpDiMwt
13,"Ya me picaron como 10 mosquitos, como eran los efectos del zica?"
14,"√önete a la #Zikatr√≥n. Si vives o viajas a una zona afectada por el zika, prot√©gete del mosquito y usa cond√≥n en tus relaciones sexuales."
15,Voy a dormir a ver si me pica un mosquito de esos con el zika o algo y me muero
16,"Protege a tu familia de los mosquitos que causan el dengue, zika y chikungunya, ¬°mant√©n limpio tu patio! https://t.co/aY0N6gwwNM"
17,"Yo me imagino al mosquito aedes aegypti diciendo hoy estoy de mal humor vengo a contagiar de Zika, ma√±ana contagio dengue y luego chikunguya"
18,Proteja a su familia de los mosquitos que transmiten enfermedades como #zika. https://t.co/kr7OWvldiN
19,Sal√≠ a correr y me picaron mil mosquitos. #Zika
20,'Conmigo a tu lado ni el mosquito del zika se te acercar√°' üòÇüòÇüòÇ #3VecesAna https://t.co/cCylYn0U7h
21,Proteja a su familia de los mosquitos y Zika este verano! Empieze eliminando el agua estancada en su casa! https://t.co/EHJPTAnO5t
22,"¬°Prot√©ge a tu familia del dengue, zika y chikungunya eliminando criaderos de mosquitos de tu patio! https://t.co/cBG1ZHPojS"
23,"Cuida a tu familia de los mosquitos que trasmiten el zika, dengue y chikungunya, evitando los criaderos por el... https://t.co/6P41WUCJ4R"
24,Preocupa a diputados que el calor genere propagaci√≥n del mosquito del Zika - EosNoticias: https://t.co/9JJPgIFpx4
25,Preocupa a diputados que el calor genere propagaci√≥n del mosquito del Zika - EosNoticias: https://t.co/drUhz9CEZv
26,Sal√≠ a pasear a mis perros y no puedo estar quieto ni dos segundos por qu√© los condenados mosquitos andan a la orden del Zika.
27,Protege a tus bebes y ni√±os contra el mosquito que transmite el virus del Zika. https://t.co/aiUWqODkf8
28,"Si a usted le da zika, dengue, o chikungunya puede culparse a usted mismo a los vecinos que dejaron criaderos de mosquitos."
29,"Protege a tu beb√© de cualquier picadura de mosquitos, Dengue o Zika, con las Toallitas Anti-mosquitos de #Pigeon. https://t.co/FAL8ZWcMFd"
30,Venezolanos a merced de un mosquito y algo mas... https://t.co/9kyj1PwpqH ademas de un gobierno fracasado #Zika https://t.co/8aIe4J8xEN
31,"Llamado a proteger a los ancianos ante el zika, especialmente si hay enfermedades cr√≥nicas https://t.co/H78W4Bg0gM https://t.co/C2TsmFH831"
32,Cuida a tu beb√© usando repelente para mosquitos. Conoce m√°s acerca del Zika. https://t.co/cgqnWwc25K
33,Voy a salir con zika y chikungunya con tantos mosquitos que hay en la uprp
34,Proteja a sus ni√±os de las picaduras de mosquitos con repelentes aprobados por la EPA: https://t.co/25YBjBs7Vh https://t.co/lEvYBKz3LK
35,Protege a tus bebes y ni√±os contra el mosquito que transmite el virus del Zika. Disponible en #QuePeque√±os... https://t.co/ubhlefEjTy
36,Protege a tu familia del mosquito transmisor del #Zika con @Radarcan https://t.co/LRPsefwYYA https://t.co/HgCfZJ6rPL
37,Todos a prevenir el #ZIKA para protegernos y a nuestras familias https://t.co/0Ml5KT5Gkr
38,"Exhortan a participar en el combate del mosquito transmisor del dengue, chikungunya y zika https://t.co/LYn7Ty6IoT @Dimaxtv"
39,"EXHORTAN A PARTICIPAR EN EL COMBATE DEL MOSQUITO DEL DENGUE, CHIKUNGUNYA Y ZIKA https://t.co/c1RwTB9Pea v√≠a @El+https://t.co/C0qgGQpLsr"
40,"Exhortan a participar en el combate del mosquito transmisor del Dengue, Chikungunya y¬†Zika https://t.co/pykEyb5uL3 https://t.co/lpcVqrHd0O"
41,Ya me imagino a los mosquitos del zika pic√°ndote  y dej√°ndote un mensaje con labial en el ba√±o.
42,Tengo a mil mosquitos revolote√°ndome y no estoy haciendo nada al respecto zika y dengue ya los 100tooo
43,Ya a 5 familiares les ha dado el Zika y ando paranoico con los mosquitos
44,@DavisZone  Brasil combatira el zika con millones de mosquitos machos esterilizados mediante radiaci√≥n para que se apareen con hembras
45,si me pica el mosquito del zika voy a estar todo el dia cantando  rasca  zika  rasca zika zika  nanananananaaaaaaa
46,"hoy me picaron tres mosquitos en montevideo, dengue/zika/chikungunya ya te siento"
47,"Reconocen a 10 escuelas como espacios libres de criaderos del mosquito transmisor de Zika, Dengue y Chikungunya. 8.40 am en @MasNoticiasVer"
48,"mam√° me dijo hoy, recomiendan dormir con ventilador por los mosquitos con todo √©sto del zika,"
49,Estoy a punto de traer el mosquito transmisor de zika y dejarle al lado de mi compa√±era de trabajo les juro
50,"Solo a m√≠ me pueden picar mosquitos en el parpado! 3! Ser√°n dengue, zika y chilungu√±a? üò±"
51,Protege a tus bebes y ni√±os contra el mosquito que transmite el virus del Zika. https://t.co/1634cALnob
52,Proteger√°n a embarazadas con repelente contra el #Zika en #Morelos   https://t.co/tPRFnGnsfy
53,"Cuida a tu familia, la picadura del mosquito que transmite el #Zika, debe tratarse inmediatamente. https://t.co/F1psy6BpoD"
54,"Empiezo a creer que tengo la cura del zika, mil mosquitos me pican y solo para romperme los huevos"
55,"Viajas a alg√∫n pa√≠s afectado por el #Zika? Prot√©gete con Normopic, tu barrera frente al #mosquito portador del virus https://t.co/xzuVcW5VgJ"
56,"Si a una persona le pica un mosquito con Zika, uno con Chikungunya y uno con Denge, se crearia el Zikangunyengue? üòï"
57,gente me pico un mosquito en EL MEDIO DE LA FRENTE ya 100to el zika fluyendo por mis venas
58,Get Our Repellent &amp; Lose Your Bugs ....Now! #noseeums #mosquito #zika #bestrepellent #bmrtg https://t.co/g0LWQfynvj
59,Tucum√°n A las 7 Secretar√≠a de Salud pide reforzar prevenci√≥n ante proliferaci√≥n del mosquito de zika‚Ä¶ https://t.co/sCr9CTA108
60,Preocupa a diputados que el calor genere propagaci√≥n del mosquito del Zika - EosNoticias: https://t.co/chwStrecqK
61,"Ya me dio dengue y chikungunya.. Ahora tengo los s√≠ntomas del zika, los mosquitos me odianüò≠üò∑üò∑"
62,Vengo a contar que tengo una roncha del tama√±o de mi dedo pulgar y seguro me pico un mosquito con zika.
63,Catch 22 Zika Mosquitos #CurrentEventAStory
64,"√önete a la #Zikatr√≥n. Si vives o viajas a una zona afectada por el zika, prot√©gete del mosquito y usa cond√≥n en tus relaciones sexuales"
65,Ense√±e a sus hijos que las picaduras de mosquitos son malas con el libro de actividades de los CDC sobre #Zika. https://t.co/rkMNkIlMsq
66,Proteja a sus ni√±os de las picaduras de mosquitos con repelentes aprobados por la EPA: https://t.co/rHHpF37VDr #Zika https://t.co/SndQv4Chxx
67,"Preguntan a 1 regatista espa√±ol q compite en los juegos sobre zika y responde'somos m√°s peligrosas las brasile√±as,q los mosquitos' crack!!"
68,‚Äî¬øQu√© me har√≠as si estuviera desnuda en tu cama? üòè  ‚ÄîTe cubrir√≠a con mi mantita para que no te pique un mosquito y te de Zika princesa.  - üòí
69,"fui a las barrancas y me comieron los mosquitos , con la liga que tengo me agarro zika"
70,EXHORTAN A POBLACI√ìN A ESTAR ALERTA ANTE POSIBLE DE MOSQUITOS #Lluvia #Salud #Zika #NotiRey‚Ä¶ https://t.co/wWrWjsvniy https://t.co/KGD1b2yay8
71,Van a liberar mosquitos modif gen√©ticamente para combatir el zika en los Estados Unidos https://t.co/PgujBdeXop
72,Ya me picaron tantos mosquitos que seguro tengo dengue zika y chikunguya
73,Exhortamos a la poblaci√≥n a continuar evitando la formaci√≥n de criaderos de mosquitos transmisores de la enfermedad. #ZikaVirus
74,Check out this site: http://t.co/ihTnERKDNU. El Virus Zika es una amenaza real para los dominicanos. Cuidado con el mosquito Aedes Aegypti.
75,Viajar√° a regiones tropicales este verano? Aqu√≠ algunos consejos √∫tiles pa' protegerse contra los mosquitos y #Zika. https://t.co/jfjhdngG3C
76,Ya me jodi si los mosquitos tienen zika en la uni
77,Someter√°n a refer√©ndum uso de mosquito transg√©nico para combatir el vector del Zika https://t.co/SNL8rwCPL9
78,Solo a mi se me ocurre calcar el mosquito del zika y que me quede como una cucaracha üòàüòÇ
79,cuando me pica un mosquito me recorro toda la casa buscandolo a ver si no tiene manchas blancas y es el dengue o zica porque TRAUMADA
80,"Si a mi esposa la pica el mosquito del zika, me sale un hijo zikario?"
81,hoy me pic√≥ un mosquito ojal√° sea karma por lo que dije ayer y me muera de zika
82,"Protege a tu familia del #zika, #chikungunya y del #dengue con este #repelente natural contra mosquitos. Combina... https://t.co/jCkCpuBcBz"
83,"grave no son los huertos si no la mentira,no hay agua,con una epidemia de zika,dengue,chikunguya a criar mosquitos https://t.co/C2CqxcceYm"
84,Voy a llegar a casa con el zika si siguen los mosquitos as√≠
85,Previo a la descacharrizaci√≥n se entregaron folletos informativos para prevenir el mosquito del Zika.
86,Protege a tus bebes y ni√±os contra el mosquito que transmite el virus del Zika. https://t.co/Ap3EHkZfR3
87,"Voy a empezar a criar mosquitos con dengue, zika y chikungunya. Me tienen harto los vecinos con la cumbia y la mordidita y toda esa mierda."
88,Ya me gozaron mas de 20 mosquitos ahora hay que ver si es dengue o zika...
89,"Todos a combatir al mosquito portador del Dengue, Chicungunya y Zika. #TachiraNoEsTerrorismo https://t.co/lKwjDb6qdO"
90,Voy a importar el repelente para mosquitos con zika #IdeaMillonaria
91,Llega a Chile mosquito que transmite el¬†zika https://t.co/HwSqpZxdST
92,"Protege a tu familia de enfermedades causadas por el mosquito del dengue, zika y chikungunya. https://t.co/bXvKddIKCs"
93,exhorta a continuar eliminando criaderos de mosquitos https://t.co/JoDw845APE https://t.co/A4jgDUTxSk
94,√önete a la Jornada de Eliminaci√≥n de Criaderos del Mosquito #AedesAegypti en tu comunidad.#Zika #Dengue #Chikungunya
95,Sobreviv√≠ a todos los mosquitos menos al zika üò≠üò≠üò≠üò≠
96,"ZIKA  a si se llama el nuevo mosquito , a cuidarnos gente."
97,Protege a tus bebes y ni√±os contra el mosquito que transmite el virus del Zika. Disponible en #QuePeque√±os... https://t.co/awVZk8GwQ8
98,"Todos a cumplir con estas acciones para la prevenci√≥n del mosquito transmisor del dengue, chinconguya y zika.... https://t.co/v2k3KCpWIO"
99,"Combate a Zika, Dengue y Chikungunya para proteger a familias de¬†Centro https://t.co/nyVmJsqYPU https://t.co/fQPOOcLVJK"
100,"Combate a Zika, Dengue y Chikungunya para proteger a familias de Centro https://t.co/GbOgFBMO6M v√≠a @sinremitente21 @NoheliCerino"
101,√önete a la Jornada de Eliminaci√≥n de Criaderos del Mosquito #AedesAegypti en tu comunidad.#Zika #Dengue #Chikungunya https://t.co/pzymWPysCX
102,√önete a la Jornada de Eliminaci√≥n de Criaderos del Mosquito #AedesAegypti en tu comunidad.#Zika #Dengue #Chikungunya
103,Chicos me pic√≥ un mosquito y tengo todo el brazo dormido seguro es el zika bamosss
104,√önanse a la campa√±a de prevenci√≥n del ZIKA. Eliminen los criaderos de mosquitos #TodosContraElZika üí™ https://t.co/1rUiVfTcHo
105,se me acerca un mosquito y ya me desespero porque pienso que es dengue zika y todo junto
106,"Voy a llamar a la oficina,  decirles que estoy con anginas, que me pic√≥ el mosquito del Zika y pego alto faltazo‚ô´"
107,"Pese a hallazgo de mosquito, Virus Zika no representa a√∫n un riesgo en Chile Continental https://t.co/H9QK1L1my1 https://t.co/2RtuPz1pVK"
108,Protege a tus bebes y ni√±os contra el mosquito que transmite el virus del Zika. Disponible en #QuePeque√±os... https://t.co/E8vBDDLKmC
109,"Casa a casa fumigamos para eliminar el mosquito del Zika, Dengue y Chikungunya. #TodoPoTuCalidadDeVida. https://t.co/gtxFsXgIFw"
110,Llego a Arica escapando del temporal en stgo y ahora encuentran al mosquito del Zika
111,Llega a Chile mosquito que transmite el zika https://t.co/WytRXicl9v | https://t.co/oTOX3I9XUR https://t.co/W2CelczNbX
112,Llega a Chile mosquito que transmite el¬†zika https://t.co/1M4qcGiQa9
113,Llega a Chile mosquito que transmite el zika https://t.co/AtV5frPa2t | https://t.co/Qew6MmUPgn https://t.co/C6JghAF68Q
114,Llega a Chile mosquito que transmite el zika https://t.co/OOlpLWly13 | https://t.co/e2tnW1hEBD https://t.co/2avh1MqIXn
115,Llega a Chile mosquito que transmite el zika https://t.co/s7KVKLAJvX | https://t.co/5fuGwutcC3 https://t.co/sbpCfxvxIO
116,Llega a Chile mosquito que transmite el zika https://t.co/efNRMronuE | https://t.co/43jxVu5tsZ https://t.co/PZHhr4YJSq
117,Llega a Chile mosquito que transmite el zika https://t.co/H5yrEc860Y | https://t.co/j6e8kDKcdP https://t.co/7kliSWaXLr
118,Llega a Chile mosquito que transmite el zika
119,Llega a Chile mosquito que transmite el zika https://t.co/jMcs6GpPRI | https://t.co/TK3o86haWz https://t.co/m32a8O0Sjd
120,Llega a Chile mosquito que transmite el zika https://t.co/dpb2UKTY6B
121,Llega a Chile mosquito que transmite el zika https://t.co/FAJtO6kCzi | https://t.co/9pvinTW680 https://t.co/eQn9rgBxND
122,Llega a Chile mosquito que transmite el zika https://t.co/paIdIjnSAI | https://t.co/Pq5au68xKV https://t.co/2eU9wHuu5K
123,"Llego a Chile mosquito del Zika, m√°s en #7AM, con @LibardoBuitrago en terreno @RogerConductor en el @FMConquistador 91.3"
124,Llega a Chile mosquito que transmite el zika https://t.co/3q1j8Xrxhl
125,Llega a Chile mosquito que transmite el zika https://t.co/KnjgnnCECB | https://t.co/6sRfXwlGkK https://t.co/q1P7yAQiVD
126,Y a las 6pm se ponen los mosquitos intensos y supuestamente hay alerta por el zika @MINSA_Panama @CastaliaPascual @tvnnoticias
127,"Si a una embarazada la pica un mosquito infectado con el virus del Zika, el beb√© puede nacer Sietecase. https://t.co/vlxlZlqMyR"
128,Educando a las comunidades combatimos la propagaci√≥n de los mosquitos aedes aegypti. #Zikavirus https://t.co/UqEikpZ7rB
129,"Echan a todos de sus puestos de trabajo pero ojo, cuidemosnos del mosquito matapobres. #AedesAegypti #ZikaVirus  #JuevesIntratable"
130,se me para un mosquito y ya flasheo zika
131,"se me caGO EL VENTILADOR Y NO TENGO AIRE, ME ESTOY MURIENDO Y APARTE HAY MUCHOS MOSQUITOS, ZIKA, DENGUE LOS SIENTO"
132,Ver a un mosquito y tener miedo que te de dengue zika zuki zaki y la concha de la hermana del puto mosquito
133,"Si a Petete Mart√≠nez lo pica un mosquito con Zika, se muere el mosquito."
134,"S√∫mate a la Jornada Nacional Contra El ZIKA, evita los criaderos de mosquito Aedes aegypti. #TodosContraElZika https://t.co/dnbuHHPAqi"
135,ya me pico un mosquito seguro tengo el zika DIOS ME OIGA
136,"Regreso a casa y   OH SORPRESA !   SIN LUZ @ANDEOficial   Por favor üôèüèªüò≠üôèüèªüò≠  Barrio Seminario , mosquitos , dengue , zika !  CALOOOR !"
137,¬øVas a viajar a #Brasil a los #JJOO? Con nosotros estar√°s protegido del #Mosquito del #Zika! https://t.co/XEMZ8SeigS
138,@QPachow #YaUrgeQue muera tanto mosquito primero chincon no se q y ahora Zika!!! Ya espantalooo @OyeGustavoTello  https://t.co/Po5U2Xp3iW
139,Llega a M√©xico virus de Zika transmitido por el mosquito https://t.co/qC6MXJhhTg
140,"Protege a tu familia de los piquetes de mosquito para evitar enfermedades como el zika, dengue y chikungunya. https://t.co/FimiCL2nB1"
141,"Protejan a sus familias de los mosquitos para evitar contagiarnos de dengue, chikungunya y zika. La salud es primero https://t.co/4wMMWmyoMu"
142,Ense√±amos a nuestros consumidores a realizar gel anti bacterial y contra los mosquitos para prevenir el Zika. https://t.co/gaHP0KHG4b
143,"Ya me picaron como 82747273 mosquitos, ya teno zica, dengue, chicungunya y todo el pedo"
144,"Ya me pic√≥ un mosquito, si me va a dar el virus Zica, que sea pa' rebajar."
145,"Volvemos a lo mismo, el Zika no es un mosquito @elcircodelamega @pamelanoa @FunkyJoeElCirco @cheboricua"
146,Protege a tu familia! Usa repelentes con DEET para + protecci√≥n contra mosquitos portadores d Zika #Prot√©gelosconOFF https://t.co/JThFdq5ntr
147,Vas a ser #Mam√° en esta √©poca de #Zika?  DEBES #PROTEGERTE de las picaduras de los #BICHOS‚Ä¶ https://t.co/GBS3nKtPt3
148,Exhortamos a la poblaci√≥n a continuar evitando la formaci√≥n de criaderos de mosquitos transmisores de la enfermedad. #ZikaVirus
149,"Prot√©ge a tu familia de enfermedades como el dengue, zika y chikungunya, ¬°elimina criaderos de mosquitos! https://t.co/oqpNKJuahy"
150,Ver a Boca me da ganas de que me pique un mosquito todo lleno de Zika.
151,Sal√≠ a fumar al patio y me picaron como mil mosquitos. Ojal√° que algunos sean Aedes Aegypti y ma√±ana despierte con Zika o Dengue (?
152,Gracias a @Lachacharaco por compartir mi punto de vista sobre el manejo que se le ha dado al Zika y al mosquito https://t.co/tN1JRoJkGW
153,"Casa a casa cada Galapero conocer√° como protegerse y eliminar factores de riesgo para Zika, dengue y chikungu√±a. @marguymendoza @AMBQuilla"
154,"Ya me pic√≥ un mosquito, voy tramitando mi cr√≥nica de tener zika en @RevistaPaco"
155,"TODOS A ERRADICAR A LOS MOSQUITOS... El virus Zika, para el que no existe tratamiento ni vacuna -s√≥lo se pueden... https://t.co/TYR4BRfKap"
156,"Voy a comprarme un repelente, porque con la suerte que tengo me va a picar un mosquito con zika y voy a ser el primer caso en Chile"
157,¬øY a qu√© hora hacen el remix de la canci√≥n del Chinkongunya ft. el mosquito del Zika?
158,¬°Protege a toda la familia de los mosquitos de manera 100% natural! De venta en @PlazaLama. #Prevenci√≥n #ZikaVirus https://t.co/GqVnFVM4Fr
159,Lleg√≥ a Chile el mosquito que contiene el virus del zika. Ah√≠ tenis OMS.
160,Lleg√≥ a Chile mosquito hembra infectada con virus Zika! Para todos los que dec√≠an que no estaban las condiciones de Temperatura! Ah√≠ tienen!
161,Llega a Chile mosquito que transmite el zika: Autoridades de Chile confirmaron el hallazgo del mosquito Aedes ... https://t.co/ZWHPoh7nxr
162,Llega a Chile mosquito que transmite el zika https://t.co/i9I1OoUDxB
163,Llega a Chile mosquito que transmite el zika - Autoridades de Chile confirmaron el hallazgo del mosquito Aedes ... https://t.co/ZVtH7eYeFo
164,Viaj√≥ a un √°rea afectada por el #zika? Aprenda c√≥mo proteger a su pareja: https://t.co/cUdoZ8geEy https://t.co/2OP4ZlpibB @nycHealthy
165,Protege a ni√±as y ni√±os de la picadura de mosquito portador de #Zika #Dengue y Chikunguya #EsSuDerecho https://t.co/XueKo8S7Na
166,Ense√±a a ni√±as y ni√±os como evitar la propagaci√≥n de mosquitos transmisores de virus #Zika #Chikungunya y #Dengue https://t.co/OngiEhwjwC
167,Pese a encontrar el mosquito transmisor del virus autoridades de salud confirman que no hay casos de zika en Chile   https://t.co/vV9l8ATddJ
168,Vi a uno de esos mosquitos grandes que parece que te van a coger pero lo mat√© con Pinol. No vengan con sus pendejadas del zika por aqu√≠.
169,"Proteja a su familia de los mosquitos del zika ,dengue y chikungunya. Instalamos cedazos fijos y corredizos para... https://t.co/jDAsCEjvFK"
170,Entras a promo izi? a mira el mosquito del zika me va a picar
171,"Sal√≠ a caminar y me tope con un enjambre de mosquitos. Si despues me ven con dengue, zika o chucungunya (o como sea) no se impacten jajajaüòÇ"
172,'Van a seguir falleciendo personas si no tomamos conciencia de la situaci√≥n.No puede ser que un mosquito nos gane.' Ma. Teresa Baran. #Zica
173,Advierten a estadounidenses no viajar a Venezuela por el virus zika: La infecci√≥n la transmiten los mosquitos ... https://t.co/G5I1wzfaXW
174,"Debido a que el mosquito Aedes que propaga el Zika se encuentra en todo el mundo, es probable que los brotes se extender√°n a otros pa√≠ses."
175,"Protege a tu familia de enfermedades causadas por el mosquito del dengue, chikungunya y zika. https://t.co/VdnPEO5Zdv"
176,"Convocamos a toda la poblaci√≥n a eliminar los criaderos de #mosquitos y de esta manera evitar la propagaci√≥n del dengue, chikungunya y zika."
177,Protege a tus bebes y ni√±os contra el mosquito que transmite el virus del Zika. Disponible en #QuePeque√±os... https://t.co/xhF1KsulE2
178,Exhortan a protegerse contra el Zika en la Semana Mayor  Por: Diario de Puerto Rico  3/23/2016  La epidemi√≥loga... https://t.co/XMpSG2xHNQ
179,Llamado a protegerse del zika en Semana Santa - https://t.co/4N0w9sqQLv https://t.co/lpo6UiHYmM
180,Exhortan a protegerse contra el Zika en la Semana Mayor https://t.co/9RM9rj8J6e #notiuno
181,Llamado a protegerse del zika en Semana Santa - El Nuevo D√≠a https://t.co/judH7Eq7B8
182,Ense√±e a su familia a mantenerse a salvo contra el mosquito que transmite enfermedades como Zika!  https://t.co/F9EqAHpsuQ
183,Voy a tirar raid por que hay un mosquito y con la suerte que tengo de seguro tiene el zika el dengue y la fiebre chicungu√±a #Todo
184,¬øVas a #Brasil para los #JJOO #RIO2016? Recuerda las recomendaciones p/protegerte del #ZIKA https://t.co/3uZdr7bnxf https://t.co/bImqUrAzA8
185,Todos a cuidarnos del mosquito transmisor del zika.. https://t.co/DXJMPDCNql
186,Yo me quedo bobo con la facilidad que salen cosas a causa de un mosquito. #Zika
187,"@ELCOYOTETHESHOW @Mariovipr lo ideal es q las embarazadas eviten a los mosquitos, ya q el zica afecta a los bebes en gestaci√≥n."
188,"Prot√©ge a tu familia de enfermedades como el dengue, zika y chikungunya, ¬°elimina criaderos de mosquitos! https://t.co/EHfX7ZqvCF"
189,Ven a vernos y te contamos c√≥mo protegerte (y protegerle) del #ZikaVirus https://t.co/egvaE4EJEQ
190,Ya me dio Zika de tanto mosquito que me pic√≥
191,¬øVas a viajar a #Brasil a los #JJOO? Con nosotros estar√°s protegido del #Mosquito del #Zika! https://t.co/XEMZ8SeigS
192,"'Si a Gasol le pica un mosquito con Zika solo estar√≠a 3 d√≠as con gripe', dice el... - https://t.co/2g3fd5iw6w"
193,¬øVas a #Brasil para los #JJOO #RIO2016? Recuerda las recomendaciones p/protegerte del #ZIKA https://t.co/3uZdr7bnxf https://t.co/Cf54hwwIQf
194,Ya me picaron tantos mosquitos que no se cual es el zika.
195,¬øVas a viajar a Am√©rica? Conoce c√≥mo prevenir el virus del Zika #zika #salud #virus #mosquito https://t.co/XSGlIqUTJK @saludand
196,"Si a mi mam√° la hubiera picado el zancudo del zika cuando estaba en embarazo, yo no habr√≠a salido tan cabez√≥n  #MoscaConLosMosquitos"
197,Salve a un abuelito de la picadura del Zika (sin saber que ese mosquito era Zika)  Habemos h√©roes sin capa  #MoscaConLosMosquitos
198,Ya me picaron los mosquitos. ¬øY el zika?
199,"sal√≠ a tomar mates y me acribillaron los mosquitos! Hola dengue, Zika y chikungunya"
200,"Vamos a protegernos contra el Zika, usen ropa de manga larga a pesar del calor infernal que hay - Gobierno Federal-"
201,"Empeze a perseguir un mosquito diciendo ' te tengo que matar, podes tener el zica' y mi abuela grabando. Vamos bien"
202,"¬°Alto a los mosquitos!, alto a la propagaci√≥n de enfermedades #Zika #ZikaVirus https://t.co/17i16kN9nT"
203,follow  frederick_x5 Deteniendo el virus del Zika: el caso de los mosquitos mutantes: un creciente n√∫mero de cie...  follow  frederick_x5
204,"Protege a tu familia de las enfermedades causadas por el mosquito del dengue, zika y chikungunya. https://t.co/mGwTIMmEz6"
205,"Ya me pic√≥ un mosquito, zika ya te siento."
206,"Ejemplo a seguir.   //  Encontrar al mosquito del zika, casa por casa https://t.co/yK126LC72y v√≠a @el_pais"
207,"'Verlo a simple vista (mosquito del zika) es bastante dif√≠cil, m√°s importante son las medidas de prevenci√≥n' Francisco Zamora de @usach"
208,"Ya me est√° costando creer q el zika,  sea producto de un mosquito..."
209,"Cuida a tu ni√±o de la picada de un mosquito, ya que estos pueden contaminarlos de Zika, Malaria y/o Dengue.... https://t.co/ixZcbwSkEj"
210,"Y me marche victoriosa! No me dio Dengue, Zika ni Chikungunya (o como se escriba) *A los mala sangre no le pican los mosquitos*"
211,hoy me picaron muchos mosquitos y bueno NO QUIERO MORIR DE ZIKA
212,Ya me shupetioh un mosquito solo espero no me contagie el virus zika üòí
213,Inf√≥rmate a trav√©s de @SSalud_mx sobre los s√≠ntomas ante picadura de mosquito infectado por #Zika https://t.co/baPwemKhH3
214,Voy a contraer el dengue y el zica aca lpm lleno de mosquitos esta
215,¬øQuien me dice que no crearon el zika?... #MiercolesDeGanarSeguidores  Crean mosquitos para combatir el paludismo https://t.co/n6UAZXtjB3
216,"Proteja a su familia de los mosquitos del zika ,dengue y chikungunya.  Instalamos cedazos fijos y corredizos para... https://t.co/odiUpyqdZg"
217,hoy me picaron 20 mosquitos yo creo que soy una victima del zica o el dengue ya
218,"Cuida a ni√±as y ni√±os, adultos mayores y mujeres embarazadas de la picadura del mosquito #Zika #Dengue #Chikungunya https://t.co/j6lKfiPtat"
219,Que a mi ex suegra la pico el mosquito del zika...  Y se muri√≥ el mosquito :(
220,"Ya me picaron tantas veces los mosquitos que no me sorprender√≠a que me diagnostiquen dengue, zika o chikungunya. üò©"
221,Protege a tus bebes y ni√±os contra el mosquito que transmite el virus del Zika. Disponible en #QuePeque√±os... https://t.co/2j6e2aWjXT
222,"Ayude a controlar los mosquitos que transmiten los virus del dengue, chikungunya y Zika. V√≠a @CDCgov https://t.co/GSEFIa0gzX ‚Ä¶"
223,Yo me veo una pica de mosquito y ya r√°pido pienso que es el zika
224,THELUSONAUTA a spot4US: CNN: AERIAL SPRAYING &amp; MILLIONS OF GMO MOSQUITOS IN FLORIDA TO FIGHT 'ZIKA'... | @scoopit https://t.co/VZpwV55t0j
225,Protege a tus bebes y ni√±os contra el mosquito que transmite el virus del Zika. Disponible en #QuePeque√±os... https://t.co/XwiZDX2PWB
226,Regreso a clases... ¬øcon zika? - https://t.co/KGcwomRgO3 https://t.co/362APZmM17 #backtoschool #prevencion #zika #viruszika #mosquitos
227,√öltimamente me han dado unas tremendas chingas los mosquitos. En una de esas me voy a contagiar de Zika  *l√©ase 'Zika' con voz tenebrosa*
228,"Ayude a controlar los mosquitos que transmiten los virus del dengue, chikungunya y Zika. V√≠a @CDCgov https://t.co/GSEFIa0gzX"
229,Convocan a limpieza masiva para eliminar criaderos de mosquitos. #zika - https://t.co/CCof5ZXmeF https://t.co/8gQMKEI9pN
230,Van a usar mosquitos gen√©ticamente modificados para reducir su poblaci√≥n y combatir el zika y dengue https://t.co/pKNgEZHdw5
231,"Estar√≠as a favor de utilizar mosquitos modificados gen√©ticamente para combatir zika, chikungunya y dengue en PR?"
232,"Estoy a dos picaduras de mosquito, a que me de Chikungunya, Zika o Dengue. Ya ni se sabe üò≠."
233,Todos a protegernos del #zika https://t.co/E5ysc1PMhk
234,Estoy a una picadura de mosquito de contraer Zika y de parecer que me dio varicela a los 23. :(
235,Llamado a protegerse del zika en Semana Santa https://t.co/nx1P84rZhd
236,"¬øVas a viajar en #SemanaSanta? ¬øC√≥mo protegerte del #dengue, #zika y #chikungunya? https://t.co/g8QufeQn7T"
237,Entr√© a un almac√©n que estaba cubierto de humo porque la se√±ora estaba quemando trapos para matar mosquitos ZIKA STOP IT LIKE FOR REAL STOP
238,"¬°Alto a los mosquitos!, alto a la propagaci√≥n de enfermedades  #ZikaVirus  https://t.co/2orLfY0VcC https://t.co/gLzZQgGEUv"
239,"Ya me picaron mosquitos, dengue, zika todo por ahi"
240,Voy a salir a la calle en CALZONES con az√∫car untado por todo el cuerpo pa que me piquen los mosquitos ME D√â ZIKA... https://t.co/o7Fh8K4RWV
241,"Voy a dormir en calzones y con la ventana abierta, por si se te ofrece  -yo hablando con el mosquito del zika a ver si me mata de una ves"
242,Gracias a las acciones lideradas por @claama01 prevenimos la propagaci√≥n del #Zika en #Santander. ¬°Frenamos las infecciones del mosquito!
243,Vamos a cuidarnos todas y todos del virus #Zika. Y ense√±emos a nuestros hijos e hijas que si el mosquito no te... https://t.co/bGbi6SD6lx
244,"Llego a casa y me reciben las mascotas, primero la gata y luego los mosquitos. Zika ya te siento"
245,Previo a la descacharrizaci√≥n se entregaron folletos informativos para prevenir el mosquito del Zika.
246,Ya me picaron los mosquitos... üò± espero no sea ZIKA üò± #FelizSabado #SabadoDeGanarSeguidores
247,¬°Atentos a los mosquitos! Combatamos la propagaci√≥n de enfermedades #Zika https://t.co/VS8rfjIbnU https://t.co/5i2bKtuy05
248,Ve a qu√© pa√≠ses no debes viajar porque el virus Zika vuela por ah√≠ en los mosquitos. https://t.co/WwHGw7UHdc https://t.co/AYB92sCQep
249,"Protege a tu familia del dengue, chikungunya o zika fabricando esta sencilla y √∫til trampa para mosquitos: https://t.co/XEsVvc45Qy"
250,Preocupa a cozumele√±os que lluvias traigan a mosquitos transmisores del zika https://t.co/jyk4gakWwy
251,cuando me pica un mosquito siento que ya tengo zika
252,"E a zika???  Mosquito fodas  Tomato in orif√≠cios corrugado, k tem odor√≠feras a las merdas."
253,cuando me pica un mosquito flasheo el zika o dengue basta
254,"Ya me pic√≥ un mosquito. Dios me libre del zika, chikungunya, dengue y fiebre amarilla."
255,"¬°Alto a los mosquitos!, alto a la propagaci√≥n de enfermedades #Zika #ZikaVirus https://t.co/aDum0XFx7J"
256,Voy a esperar a que un mosquito me contagie de ZIKA y ojal√° muera mientras duermo‚Ä¶ ‚òπÔ∏è
257,"hoy me estaba duchando, aparece un mosquito grande, empez√© a gritar porque pense que era un dengue o el zika hice tanto lio que tir√© la *"
258,Vas a ser #Mam√° en esta √©poca de #Zika?  DEBES #PROTEGERTE de las picaduras de los #BICHOS‚Ä¶ https://t.co/9vuuEKHMfB
259,"Chicos me pic√≥ un mosquito y no s√© si fue un Zika un Dengue o uno normal, le iba a pedir el documento pero sali√≥ volando muy r√°pido"
260,Salve a fede de qr le pique un mosquito y se enojo onda lo salve del zika.
261,"Ayude a controlar los mosquitos que transmiten los virus del dengue, chikungunya y Zika https://t.co/rGwuIh5mtA https://t.co/3yydPl04n6"
262,"Ayude a controlar los mosquitos que transmiten los virus del dengue, chikungunya y Zika https://t.co/rGwuIh5mtA https://t.co/GB81ksZ6Fg"
263,*viaja a brasil porque es mas barato**gasta el doble porque le pico un mosquito del zika*
264,"Si a un enchufado rojo lo pica un mosquito infectado con Zika, Chikungunya y Dengue SE MUERE... el mosquito"
265,@hdcarrefour @AlfonsoRojoPD Me parece q a la madre d Rojo le pic√≥ un mosquito infectado d Zika en el embarazo. Lo suyo debe ser microcefalia
266,"Pese a que la OMS ha se√±alado que a Chile NO llegar√° el virus #Zika, en el matinal de @chilevision venden un repelente contra ese mosquito."
267,¬°Alto a los mosquitos! --&gt; alto a la propagaci√≥n de enfermedades: https://t.co/2orLfYiwBc  #ZikaVirus https://t.co/bCdAlL7zUu
268,Vamos a trabajar junto a la OMS y nuestros socios para tomar medidas y proteger a la poblaci√≥n del virus del zika https://t.co/zT4dmRYOnR
269,Vamos a estar informando como prevenir el Zica y suministrando abate a la comunidad de #ElCalvario para evitar la proliferaci√≥n del mosquito
270,Voy a proteger mis tweets para que no se contagien de Zika.
271,Sal√≠ a tender mi ropa y me comieron los mosquitos. Zika~~
272,"Si a una embarazada navarra le pica el mosquito del Zika, el hijo le sale normal."
273,Recomiendan a quienes viajen a Brasil tomar medidas para evitar el virus Zika https://t.co/MKTrYW0GAr trasmitido por un mosquito
274,S√∫mate a la misi√≥n #Zika ayudando a ubicar y remover criaderos de mosquitos . Ver v√≠deo: https://t.co/MF11c2QPVQ https://t.co/oK6k3rJiSK
275,follow  frederick_x5 Resultados preliminares revelan m√°s mosquitos con zika en Miami Beach: MIAMI (EE.UU.). Las ...  follow  frederick_x5
276,Protege a tu familia! Asegura usar repelentes con DEET para mayor protecci√≥n contra los mosquitos que portan el Zik‚Ä¶ https://t.co/1ON0X1eMvI
277,Proteger√°n a mexicanos de zika en JO
278,Proteger√°n a mexicanos de zika en JO #InformativoOaxaca #Oaxaca #M√©xico https://t.co/LCAecFNFDC
279,"¬øViaj√°is a un pa√≠s con riesgo de malaria, dengue o zika este verano? ¬°Resolvemos vuestras dudas! #mosquito #viajeros https://t.co/n22m2YmpFy"
280,Sal√≠ a darle serenata a los gatos y a las moscas. S√≥lo obtuve mil picaduras de mosquitos. Creo que soy inmune al zika y todos esos virus
281,"Protege a tu familia del dengue, zika y chikungunya, ¬°limpia tu patio y elimina criaderos de mosquitos! https://t.co/p1kGF8FQei"
282,Y a mi qu√© me importa que el virus del Zika se transmita v√≠a sexual? Ni que me gustara coger con mosquitos.
283,Pasodoble a la madre que te quiere curar la picadura del mosquito Zika moj√°ndose el dedo con saliva y d√°ndote un refreg√≥n.Lo veo.
284,"Sal√≠ a caminar y volv√≠ con dos picaduras de dengue,  veinte de zika y ochenta de otros mosquitos."
285,Voy a adoptar un mosquito transmisor del Zika.
286,Y a mi qu√© me importa que el virus del Zika se transmita v√≠a sexual? Ni que me gustara coger con mosquitos.
287,"Yo me pregunto  ¬øcu√°l es el papel del mosquito aedes en el ecosistema?, ¬øcu√°les son las consecuencias de 'erradicarlo'?. #ZIKA"
288,Sal√≠ a comprar al super y me picaron mil mosquitos ya tengo dengue zika y chikungunya
289,Ya me pic√≥ uno de esos pinches mosquitos que puede portar el virus de zika üò∞ tengo miedo
290,"*leer a ritmo de la melodia del pique de fondo*  este es el mosquito que te pega el Zika, PICA yeeee como lo hace  ZIKA ZIKA ZIKA ZIKA ZIKA"
291,"Yo me pregunto como un mosquito puede transmitir 3 enfermedades diferentes dengue, chikungunya y zika? no me creo mucho eso"
292,"mano me pico un mosquito, ahorita me da zika y bueno"
293,"y a mi el Mosquito, la mosquita me ama, ahora con #Zika"
294,Ayude a controlar los mosquitos. #Mosquitoes #Zikavirus https://t.co/K0hZ7aFKnW
295,Ya me pico el zica y todos los mosquitos habidos por haber
296,"Chicos me pico un mosquito, el zika me tiene, la quedo aca los quiero"
297,"Ya me picaron tantos mosquitos que debo tener el dengue, el zika todo"
298,Sancionar√°n a quienes tengan criaderos de mosquistos: Aunque el zika en Panam√° se mantiene concentrado en Guna... https://t.co/G2efyH5E5T
299,Respecto a la 'epidemia' Zika. No le echen la culpa al mosquito; busquen respuestas en los fungicidas empleados en la agricultura. Demandas
300,Volver√°n a hacer pruebas con mosquitos modificados para erradicar el virus zika https://t.co/xDL6lyz4T9 https://t.co/v5HX7zIcf5
301,"think outside the box: un grupo de cientificos encontr√≥ la forma de matar mosquitos transmisores de Zika, usando OTROS MOSQUITOS."
302,Viajeros a zonas con #Zika deben estar bien informados sobre riesgos y conocer c√≥mo evitar picaduras de mosquitos https://t.co/iFwHIX3p1c
303,"Ayude a prevenir el ZIKA, eliminando los criaderos de mosquitos,si guarda agua debe tapar el contenedor. https://t.co/yMZw3dE0el"
304,"Todos a prevenir el virus del ZIKA, mejor es prevenir y no creerse intocable por el mosquito que no diferenciamos. https://t.co/eLsBK2X6uJ"
305,@Sergiiio_Stone A ponernos #MoscaConLosMosquitos y a informarnos muy bien sobre el zika para prevenirlo https://t.co/qPPzXr1jH5
306,padre me llamo y me dijo 'tengo miedo con eso del zika alla esta lleno' y en lo q tardo en decirlo me picaron 6 mosquitos q lujo
307,√çbamos a morir de la Gripe Aviar...luego lleg√≥ el Mosquito Tigre...m√°s tarde el √âbola...y ahora el Zika. La cosa es morir todos a la vez!!
308,"Ayude a controlar los mosquitos que transmiten los virus del Dengue, Chikunguya y Zika https://t.co/DjNnT6AJN2"
309,"¬°Aprende a proteger tu familia y a ti del Zika! Charla gratuita este mi√©rcoles, 5 de octubre a las 10am. en el... https://t.co/0Y7mfFFs9b"
310,"¬øVa a viajar al exterior con sus ni√±os este verano? Antes de viajar, sepa c√≥mo protegerlos del #Zika:... https://t.co/daa8EI7pcW"
311,"¬øViaj√°s a los JJOO #R√≠o2016? Evit√° las picaduras de mosquitos que transmiten #dengue, #zika y #chikungunya. https://t.co/dJf81AG9nl"
312,"Pide a la poblaci√≥n a sumarse a  tareas de prevenci√≥n  contra el mosquito transmisor del dengue, zika y Chikungunya‚Ä¶ https://t.co/yjQ2khrJJR"
313,Llegando a @C5N para mostrar c√≥mo es el contagio que genera el mosquito. Y actualizamos la informaci√≥n sobre el virus zika.
314,"Si a mi no de me da ZICA, con todos los mosquitos que me han picado tengo las mejores defensas de este mundo."
315,"Ya me poco el Dengue, Zika, chinuseque y otras 26 enfermedades trasmitidas por mosquitos."
316,√önete a @ReproRights en su petici√≥n para proteger los #derechosreproductivos para enfrentar el #Zika https://t.co/lufpSZm5AN #Las17
317,√önete a @ReproRights en su petici√≥n para proteger los #derechosreproductivos para enfrentar el #Zika https://t.co/C1f9phfusV
318,recien me mire el brazo y tenia un mosquito ya jueeee zika ya te 100to
319,"Capacitando a sectores sociales para combatir el mosquito transmisor de Zika, Dengue, Chikungunya https://t.co/UW2SNPY69E"
320,"Convocados a participar en lucha contra el mosquito de Dengue, #Zika y Chikungunya https://t.co/eevB87MuzF https://t.co/ZsuAubVpjI"
321,Se a encontrado el mosquito zika ajjajajajajajaja!!!!!!üòÅ https://t.co/jmTX1ZkBnM
322,hoy me picaron un monton de mosquitos seguro me encuentran que tengo zika
323,"Cuida a tu familia, evita criaderos de mosquitos y √∫nete a la lucha contra el Zika, Dengue y Chikungunya. La Patria nos necesita."
324,Protege a tus bebes y ni√±os contra el mosquito que transmite el virus del Zika. https://t.co/C5SgMt2zLA
325,Si a esta altura con todos los mosquitos que me picaron no me agarra dengue o el zika yo no se e
326,"Ya me parec√≠a raros que el mosquitos pueda ocasionar estos, zika parecido al dengue  Pues eso es lo m√°s posible... https://t.co/9zMYBdAv7B"
327,Estoy a dos piquetes de mosquito de que me Chikungunya o zika.
328,"Ya me picaron un chingo de mosquitos en solo segundo ya debo de tener dengue, zika y chincunguya"
329,"Ya me ha dado dengue, chikungunya y zika. Los cabrones mosquitos me aman."
330,Vas a ser #Mam√° en esta √©poca de #Zika?  DEBES #PROTEGERTE de las picaduras de los #BICHOS‚Ä¶ https://t.co/9vuuEKHMfB
331,Yo me habre agarrado virus zika chucunguya nose como mierda es. Por la cantidad de mosquitos q me picaron
332,sal√≠ a sacar la basura y me habr√°n picado como 30 mosquitos seguro me agarr√© c√°ncer zika dengue y sida de paso ahre
333,Piden a viajeros de #EEUU evitar picaduras de mosquitos ante propagaci√≥n del #Zika https://t.co/w8BqL6hHG2
334,Piden a viajeros de #EEUU evitar picaduras de mosquitos ante propagaci√≥n del #Zika https://t.co/FmSdGUGA94
335,√önete a @ReproRights en su petici√≥n para proteger los #derechosreproductivos para enfrentar el #Zika  https://t.co/PVkCWXbxeU #Las17
336,Vete a Herrera a ver si no hay Zika. La capital esta llena de mosquitos y la gente no sabe los s√≠ntomas.   https://t.co/aAtnKsCuQZ
337,"Lean a @Lunera_Luz. El mismo mosquito del Zika ya est√° en Palermo. Si no prevenimos, estamos en el horno"
338,Voy a aprovechar el temita del dengue y el zika para ir chirleando culos por la vida al grito de 'TENES UN MOSQUITO'.
339,"Ya me harte de la boludes del zika, que venga el invierno as√≠ se van los mosquitos y paramos con la gilada"
340,"Ayude a controlar los mosquitos que transmiten los virus del dengue, chikungunya y zika. ¬°Prot√©jase!... https://t.co/iTIQQmNW24"
341,Yo me hago la tranquila con el zika pero una vez en Kenya me mofaron los mosquitos y flashee malaria por dos meses
342,"Ayude a controlar los mosquitos que transmiten los virus del dengue, chikungunya y zika. https://t.co/lzHAWZlz0I https://t.co/60Z94bcbkv"
343,"Y a mi qu√© me importa que el virus del Zika se transmita v√≠a sexual?  No tengo planes de chingarme un mosquito, no son mi tipo. :D"
344,"Protege a tu familia, evitar que se reproduzca el mosquito de Zika, Dengue y Chikungunta #TodosSomosBrigadistas https://t.co/FLZt7ocj5n"
345,"'Si a Gasol le pica un mosquito con Zika solo estar√≠a 3 d√≠as con gripe', dice el jefe de epidemiolog√≠a del Hospital Cl√≠nic de Barcelona"
346,"Si a Gasol le pica un mosquito con Zika solo estar√≠a 3 d√≠as con gripe, dice experto https://t.co/d1ml33lB1r https://t.co/oO5VITOsav"
347,Protege a tu familia de las picaduras de mosquitos. #Olimpia es tu aliado en la lucha contra el zika. https://t.co/ErPBjg8G3s
348,chicos me pic√≥ un mosquito en el brazo y ahora parece que tengo un tUMOR zika ya te siento
349,"Protege a tu Familia del VIRUS ZIKA ! Es un virus que se transmite por la picadura de mosquito , vectores del... https://t.co/CrHJJv6avr"
350,"Ya me estan traumando con el dengue, el zika y todo eso. Veo o siento un mosquito y salgo corriendo üò®"
351,S√∫mate a la guerra contra el mosquito transmisor del #Zika #Honduras https://t.co/EDYuIjuGDJ
352,S√∫mate a la guerra contra el mosquito transmisor del #Zika #Honduras https://t.co/6Vbyc3STZz
353,"Gracias a Dios no me ha dado el zika, pero los mosquitos me tienen mal."
354,"Pese a sus limitados recursos, la Comuna entabla una lucha frontal contra el mosquito del Zika. | Uybiix ut... https://t.co/ZyMKEzYGDR"
355,como me tienen con el zika el dengue que mosquito del orto tanto nos iban a romper las pelotas
356,@JTartaglione hay alg√∫n reporte si el virus Zica puede pasar a los perros? Los mosquitos tambi√©n los pican
357,"Se a confirmado el primer caso de zika por transmisi√≥n sexual, se recomienda no coger con mosquitos."
358,Vas a ser #Mam√° en esta √©poca de #Zika?  DEBES #PROTEGERTE de las picaduras de los #BICHOS‚Ä¶ https://t.co/9vuuEKHMfB
359,Protege a tus ni√±os de los males transmitidos por mosquitos #zika https://t.co/2P7OctmjMZ https://t.co/Q4e8LYmKQU https://t.co/Qm1idBPhMT
360,Unete a @ReproRights en su peticion para proteger los #derechosreproductivos para enfrentar el #Zika https://t.co/yRcE6qmIrt
361,"¬øY a como son los mosquitos, quien los vende, quien los paga? Ahh...¬øo sea que lo del zika es un negocio? #VeaPues https://t.co/51Jius5zYz"
362,"Vine a la facultad y no me puse off,me picaron los mosquitos siento que ya tengo dengue zika chikingungu y hasta lepra üòê."
363,"Se a confirmado el primer caso de zika por transmisi√≥n sexual, se recomienda no coger con mosquitos. Ja"
364,Protege a tus bebes y ni√±os contra el mosquito que transmite el virus del Zika. https://t.co/gjQJoGzTZ4
365,Piden a infectados con #zika evitar picadura del mosquito en EE.UU. https://t.co/TTMuzJXwUy #CDC
366,"üò± me pic√≥ un mosquito!! Seguro ya tengo Dengue, Zika y Sida... Sin duda alguna"
367,√önete a @ReproRights en su petici√≥n para proteger los #derechosreproductivos y enfrentar el #Zika https://t.co/ytlTTDVfTF #Las17
368,¬øC√≥mo me protejo de las picaduras de los mosquitos?  #Zika @Salud_Ec https://t.co/KFzgOpXIH4
369,"Voy a rezar para que no me de zica, chikungunya o dengue en los pr√≥ximos d√≠as por tanta picaz√≥n de mosquitos en Jalcomulco. üôè"
370,"Ya me pic√≥ un mosquito, esperemos las se√±ales del zika."
